{"columns":{"0":["x",1619389294,1619400094,1619410894,1619421694,1619432494,1619443294,1619454094,1619464894,1619475694,1619486494,1619497294,1619508094,1619518894,1619529694,1619540494,1619551294,1619562094,1619572894,1619583694,1619594494,1619605294,1619616094,1619626894,1619637694,1619648494,1619659294,1619670094,1619680894,1619691694,1619702494,1619713294,1619724094,1619734894,1619745694,1619756494,1619767294,1619778094,1619788894,1619799694,1619810494,1619821294,1619832094,1619842894,1619853694,1619864494,1619875294,1619886094,1619896894,1619907694,1619918494,1619929294,1619940094,1619950894,1619961694,1619972494,1619983294,1619994094,1620004894,1620015694,1620026494,1620037294,1620048094,1620058894,1620069694,1620080494,1620091294,1620102094,1620112894,1620123694,1620134494,1620145294,1620156094,1620166894,1620177694,1620188494,1620199294,1620210094,1620220894,1620231694,1620242494,1620253294,1620264094,1620274894,1620285694,1620296494,1620307294,1620318094,1620328894,1620339694],"Sun":[36.0433797,36.164984000000004,36.2865883,36.40817645,36.5297646,36.65133685,36.7729091,36.894465749999995,37.0160224,37.1375636,37.2591048,37.38063095,37.5021571,37.6236683,37.7451795,37.8666761,37.9881727,38.10965485,38.231137,38.3526049,38.4740728,38.5955266,38.7169804,38.838420299999996,38.9598602,39.08128635,39.2027125,39.32412495,39.4455374,39.566936299999995,39.6883352,39.80972065,39.9311061,40.052478199999996,40.1738503,40.29520905,40.4165678,40.53791335,40.6592589,40.7805912,40.9019235,41.0232426,41.1445617,41.2658677,41.3871737,41.5084666,41.6297595,41.75103935,41.8723192,41.993586,42.1148528,42.23610655,42.3573603,42.47860105,42.5998418,42.7210696,42.8422974,42.96351225,43.0847271,43.20592905,43.327131,43.44832005,43.5695091,43.69068525,43.8118614,43.93302475,44.0541881,44.1753386,44.2964891,44.4176268,44.5387645,44.659889449999994,44.7810144,44.90212655,45.0232387,45.144338149999996,45.2654376,45.38652435,45.5076111,45.628685149999995,45.7497592,45.870820550000005,45.9918819,46.1129306,46.2339793,46.35501535,46.4760514,46.5970748,46.7180982],"Moon":[200.5860566,202.47167945,204.3573023,206.24890699999997,208.1405117,210.036825,211.9331383,213.8328533,215.7325683,217.63435844999998,219.5361486,221.4386815,223.3412144,225.2431663,227.1451182,229.04518710000002,230.945256,232.84217515,234.7390943,236.63164385,238.5241934,240.41121164999998,242.2982299,244.17862259999998,246.0590153,247.93176395,249.8045126,251.6686809,253.5328492,255.38758815,257.2423271,259.08687829999997,260.9314295,262.76512715,264.5988248,266.42109625,268.2433677,270.0537325,271.8640973,273.66216545,275.4602336,277.24570255000003,279.0311715,280.8038223,282.5764731,284.33616615,286.0958592,287.84252905,289.5891989,291.32284905,293.0564992,294.77719655,296.4978939,298.2057628,299.9136317,301.60884825,303.3040648,304.9868513,306.6696378,308.3402568,310.0108758,311.66962490000003,313.328374,314.97558065,316.6227873,318.2588036,319.8948199,321.52001825,323.1452166,324.75998515000003,326.3747537,327.97949244999995,329.5842312,331.1793484,332.7744656,334.36037435000003,335.9462831,337.5233986,339.1005141,340.66925104999996,342.237988,343.79875815,345.3595283,346.9127391,348.4659499,350.0120025,351.5580551,353.09734330000003,354.6366315],"Mercury":[44.0632008,44.3256531,44.5881054,44.8499653,45.1118252,45.373051950000004,45.6342787,45.894831550000006,46.1553844,46.4152228,46.6750612,46.9341445,47.1932278,47.4515158,47.7098038,47.96725635,48.2247089,48.4812863,48.7378637,48.993526450000005,49.2491892,49.50389835,49.7586075,50.012324449999994,50.2660414,50.518728100000004,50.7714148,51.02303365,51.2746525,51.52516665,51.7756808,52.0250539,52.274427,52.5226234,52.7708198,53.01780445,53.2647891,53.5105279,53.7562667,54.000726099999994,54.2451855,54.488332799999995,54.7314801,54.97328345,55.2150868,55.4555151,55.6959434,55.93496645,56.1739895,56.41157785,56.6491662,56.885291300000006,57.1214164,57.3560507,57.590685,57.823801599999996,58.0569182,58.28849115,58.5200641,58.75006835,58.9800726,59.20848385,59.4368951,59.66369,59.8904849,60.1156409,60.3407969,60.5642922,60.7877875,61.00960115,61.2314148,61.451526650000005,61.6716385,61.890029150000004,62.1084198,62.325070600000004,62.5417214,62.756614400000004,62.9715074,63.184625350000005,63.3977433,63.609069700000006,63.8203961,64.02991495,64.2394338,64.44712985000001,64.6548259,64.8606845,65.0665431],"Venus":[43.9531124,44.10731725,44.2615221,44.4157168,44.5699115,44.72409625,44.878281,45.032455999999996,45.186631,45.3407963,45.4949616,45.649117450000006,45.8032733,45.95741975,46.1115662,46.265703349999995,46.4198405,46.573968550000004,46.7280966,46.8822155,47.0363344,47.19044435,47.3445543,47.49865525,47.6527562,47.80684825,47.9609403,48.115023449999995,48.2691066,48.42318095,48.5772553,48.731320749999995,48.8853862,49.0394428,49.1934994,49.34754715,49.5015949,49.655633800000004,49.8096727,49.9637027,50.1177327,50.271753849999996,50.425775,50.57978715,50.7337993,50.8878026,51.0418059,51.1958002,51.3497945,51.5037799,51.6577653,51.8117417,51.9657181,52.1196855,52.2736529,52.42761135,52.5815698,52.7355193,52.8894688,53.0434093,53.1973498,53.3512814,53.505213,53.6591356,53.8130582,53.96697185,54.1208855,54.274790249999995,54.428695,54.58259085,54.7364867,54.890373600000004,55.0442605,55.1981386,55.3520167,55.505885899999996,55.6597551,55.81361545,55.9674758,56.12132735,56.2751789,56.4290216,56.5828643,56.73669825,56.8905322,57.04435735,57.1981825,57.3519989,57.5058153],"Mars":[91.5553212,91.6311694,91.7070176,91.78287255000001,91.8587275,91.9345893,92.0104511,92.08631985,92.1621886,92.23806429999999,92.31394,92.3898227,92.4657054,92.54159525,92.6174851,92.69338205,92.769279,92.8451831,92.9210872,92.9969985,93.0729098,93.14882835,93.2247469,93.30067265,93.3765984,93.45253135,93.5284643,93.6044045,93.6803447,93.7562921,93.8322395,93.90819404999999,93.9841486,94.06011035,94.1360721,94.21204105000001,94.28801,94.36398605,94.4399621,94.51594525,94.5919284,94.66791864999999,94.7439089,94.81990619999999,94.8959035,94.97190789999999,95.0479123,95.12392374999999,95.1999352,95.2759537,95.3519722,95.42799775,95.5040233,95.58005589999999,95.6560885,95.7321282,95.8081679,95.88421464999999,95.9602614,96.03631525,96.1123691,96.1884301,96.2644911,96.34055925,96.4166274,96.49270275,96.5687781,96.64486065,96.7209432,96.797033,96.8731228,96.94921985,97.0253169,97.1014213,97.1775257,97.2536374,97.3297491,97.4058682,97.4819873,97.5581138,97.6342403,97.71037425,97.7865082,97.8626496,97.938791,98.0149399,98.0910888,98.16724525000001,98.2434017],"Jupiter":[327.6257391,327.64476545,327.6637918,327.68275465,327.7017175,327.72061675,327.739516,327.7583515,327.777187,327.79595865,327.8147303,327.83343785,327.8521454,327.87078875,327.8894321,327.908011,327.9265899,327.9451042,327.9636185,327.98206795,328.0005174,328.0189017,328.037286,328.055605,328.073924,328.0921773,328.1104306,328.12861805,328.1468055,328.1649267,328.1830479,328.2011026,328.2191573,328.23714515,328.255133,328.2730537,328.2909744,328.30882765,328.3266809,328.3444664,328.3622519,328.37996929999997,328.3976867,328.4153357,328.4329847,328.45056495,328.4681452,328.4856565,328.5031678,328.5206098,328.5380518,328.5554242,328.5727966,328.59009915,328.6074017,328.6246341,328.6418665,328.6590285,328.6761905,328.69328185,328.7103732,328.72739364999995,328.7444141,328.7613634,328.7783127,328.79519065,328.8120686,328.82887495,328.8456813,328.8624158,328.8791503,328.89581275,328.9124752,328.92906535,328.9456555,328.9621732,328.9786909,328.99513590000004,329.0115809,329.027953,329.0443251,329.0606241,329.0769231,329.0931488,329.1093745,329.1255267,329.1416789,329.1577574,329.1738359],