{"columns":{"0":["x",1615222229,1615233029,1615243829,1615254629,1615265429,1615276229,1615287029,1615297829,1615308629,1615319429,1615330229,1615341029,1615351829,1615362629,1615373429,1615384229,1615395029,1615405829,1615416629,1615427429,1615438229,1615449029,1615459829,1615470629,1615481429,1615492229,1615503029,1615513829,1615524629,1615535429,1615546229,1615557029,1615567829,1615578629,1615589429,1615600229,1615611029,1615621829,1615632629,1615643429,1615654229,1615665029,1615675829,1615686629,1615697429,1615708229,1615719029,1615729829,1615740629,1615751429,1615762229,1615773029,1615783829,1615794629,1615805429,1615816229,1615827029,1615837829,1615848629,1615859429,1615870229,1615881029,1615891829,1615902629,1615913429,1615924229,1615935029,1615945829,1615956629,1615967429,1615978229,1615989029,1615999829,1616010629,1616021429,1616032229,1616043029,1616053829,1616064629,1616075429,1616086229,1616097029,1616107829,1616118629,1616129429,1616140229,1616151029,1616161829,1616172629],"Sun":[348.4594854,348.58449955000003,348.7095137,348.83451305,348.9595124,349.08449674999997,349.2094811,349.33445035,349.4594196,349.58437349999997,349.7093274,349.8342659,349.9592044,350.08412735,350.2090503,350.33395745,350.4588646,350.5837559,350.7086472,350.83352249999996,350.9583978,351.083257,351.2081162,351.33295905,351.4578019,351.5826284,351.7074549,351.83226485,351.9570748,352.08186815,352.2066615,352.3314381,352.4562147,352.58097445,352.7057342,352.83047695,352.9552197,353.0799454,353.2046711,353.32937964999996,353.4540882,353.57877945,353.7034707,353.8281446,353.9528185,354.07747495,354.2021314,354.32677025,354.4514091,354.57603035,354.7006516,354.82525505,354.9498585,355.07444415,355.1990298,355.3235975,355.4481652,355.57271495,355.6972647,355.8217963,355.9463279,356.0708413,356.1953547,356.31984984999997,356.444345,356.56882175,356.6932985,356.81775685,356.9422152,357.06665495000004,357.1910947,357.31551590000004,357.4399371,357.56433955,357.688742,357.8131257,357.9375094,358.06187425,358.1862391,358.310585,358.4349309,358.55925775000003,358.6835846,358.80789235,358.9322001,359.05648865,359.1807772,359.3050465,359.4293158],"Moon":[293.4234415,295.09290480000004,296.7623681,298.42609135,300.0898146,301.74783755,303.4058605,305.05820719999997,306.7105539,308.3572322,310.0039105,311.64491345,313.2859164,314.92122215,316.5565279,318.18610209999997,319.8156763,321.43947275,323.0632692,324.6812327,326.2991962,327.9112646,329.523333,331.1294393,332.7355456,334.3356213,335.935697,337.5296748,339.1236526,340.71146910000004,342.2992856,343.88088425,345.4624829,347.03781730000003,348.6131517,350.1821883,351.7512249,353.31394550000005,354.8766661,356.43307105,357.989476,360,1.0896966,2.633556,4.1774154,5.7150931499999995,7.2527709,8.7843628,10.3159547,11.8415851,13.3672155,14.887038350000001,16.4068612,17.9210615,19.4352618,20.944055900000002,22.45285,23.95648655,25.4601231,26.958883200000002,28.4576433,29.95184065,31.446038,32.93601855,34.4259991,35.912140949999994,37.3982828,38.8809959,40.363709,41.8434338,43.3231586,44.80036585,46.2775731,47.7527625,49.2279519,50.7016511,52.1753503,53.64811355,55.1208768,56.593283549999995,58.0656903,59.5383438,61.0109973,62.4845227,63.9580481,65.4330909,66.9081337,68.38535765,69.8625816],"Mercury":[321.3207215,321.45891535,321.5971092,321.7364819,321.8758546,322.01638905000004,322.1569235,322.29860314999996,322.4402828,322.5830914,322.7259,322.86982195,323.0137439,323.1587639,323.3037839,323.44988715,323.5959904,323.74316254999997,323.8903347,324.0385618,324.1867889,324.3360573,324.4853257,324.6356223,324.7859189,324.93723095,325.088543,325.240858,325.393173,325.546479,325.699785,325.8540703,326.0083556,326.1636089,326.3188622,326.4750725,326.6312828,326.78843955,326.9455963,327.10368904999996,327.2617818,327.4208007,327.5798196,327.7397549,327.8996902,328.06053255,328.2213749,328.38311525,328.5448556,328.70748515,328.8701147,329.0336249,329.1971351,329.36151785000004,329.5259006,329.69114785,329.8563951,330.02249919999997,330.1886033,330.35555680000004,330.5225103,330.69030610000004,330.8581019,331.02673300000004,331.1953641,331.36482385,331.5342836,331.70456555,331.8748475,332.0459454,332.2170433,332.3889512,332.5608591,332.73357120000003,332.9062833,333.07979405000003,333.2533048,333.42760885,333.6019129,333.7770051,333.9520973,334.1279727,334.3038481,334.480502,334.6571559,334.83458375,335.0120116,335.19020895,335.3684063],"Venus":[344.0850741,344.24107755,344.397081,344.55307805,344.7090751,344.8650656,345.0210561,345.17704000000003,345.3330239,345.48900100000003,345.6449781,345.80094835,345.9569186,346.11288195,346.2688453,346.42480155,346.5807578,346.7367069,346.892656,347.0485979,347.2045398,347.36047435,347.5164089,347.6723361,347.8282633,347.98418305,348.1401028,348.29601494999997,348.4519271,348.60783175,348.7637364,348.91963335,349.0755303,349.2314195,349.3873087,349.5431902,349.6990717,349.85494535,350.010819,350.16668475,350.3225505,350.47840835,350.6342662,350.7901161,350.945966,351.10180785,351.2576497,351.41348355,351.5693174,351.72514305,351.8809687,352.03678625,352.1926038,352.3484131,352.5042224,352.66002345000004,352.8158245,352.97161725,353.12741,353.28319439999996,353.4389788,353.5947548,353.7505308,353.9062983,354.0620658,354.21782485000006,354.3735839,354.52933435,354.6850848,354.8408266,354.9965684,355.15230155,355.3080347,355.4637591,355.6194835,355.77519915,355.9309148,356.08662155,356.2423283,356.3980262,356.5537241,356.70941295,356.8651018,357.0207817,357.1764616,357.33213235,357.4878031,357.64346475,357.7991264],"Mars":[62.7239539,62.7969643,62.8699747,62.94301195,63.0160492,63.08911315,63.1621771,63.23526755,63.308358,63.381474850000004,63.4545917,63.52773475,63.6008778,63.6740469,63.747216,63.820411,63.893606,63.966826749999996,64.0400475,64.11329384999999,64.1865402,64.25981205,64.3330839,64.40638100000001,64.4796781,64.55300045,64.6263228,64.69967009999999,64.7730174,64.84638964999999,64.9197619,64.99315885,65.0665558,65.1399773,65.2133988,65.2868448,65.3602908,65.4337611,65.5072314,65.5807258,65.6542202,65.72773864999999,65.8012571,65.87479935,65.9483416,66.02190755000001,66.0954735,66.16906295,66.2426524,66.31626525,66.3898781,66.4635141,66.5371501,66.61080915,66.6844682,66.75815015,66.8318321,66.9055367,66.9792413,67.0529684,67.1266955,67.20044490000001,67.2741943,67.34796585000001,67.4217374,67.4955309,67.5693244,67.6431397,67.716955,67.79079185,67.8646287,67.9384869,68.0123451,68.08622445,68.1601038,68.23400415,68.3079045,68.38182565,68.4557468,68.52968845000001,68.6036301,68.67759215000001,68.7515542,68.82553635,68.8995185,68.9735206,69.0475227,69.1215445,69.1955663],"Jupiter":[318.3692277,318.39692675000003,318.4246258,318.45229800000004,318.4799702,318.5076154,318.5352606,318.56287855,318.5904965,318.6180869,318.6456773,318.67323999999996,318.7008027,318.7283375,318.7558723,318.78337895000004,318.8108856,318.8383639,318.8658422,318.89329195,318.9207417,318.9481628,318.9755839,319.00297605000003,319.0303682,319.05773124999996,319.0850943,319.1124281,319.1397619,319.1670663,319.1943707,319.22164545,319.2489202,319.27616524999996,319.3034103,319.33062535,319.3578404,319.3850254,319.4122104,319.43936514999996,319.4665199,319.49364419999995,319.5207685,319.5478623,319.5749561,319.60201915000005,319.6290822,319.65611435000005,319.6831465,319.7101476,319.7371487,319.76411859999996,319.7910885,319.81802705,319.8449656,319.8718726,319.8987796,319.92565490000004,319.9525302,319.97937365,320.0062171,320.0330285,320.0598399,320.08661915,320.1133984,320.14014525,320.1668921,320.1936064,320.2203207,320.24700225000004,320.2736838,320.30033245000004,320.3269811,320.3535967,320.3802123,320.4067946,320.4333769,320.45992575,320.4864746,320.5129898,320.539505,320.56598635,320.5924677,320.61891505,320.6453624,320.67177555,320.6981887,320.7245674,320.7509461],