{"columns":{"0":["x",1590816711,1590827511,1590838311,1590849111,1590859911,1590870711,1590881511,1590892311,1590903111,1590913911,1590924711,1590935511,1590946311,1590957111,1590967911,1590978711,1590989511,1591000311,1591011111,1591021911,1591032711,1591043511,1591054311,1591065111,1591075911,1591086711,1591097511,1591108311,1591119111,1591129911,1591140711,1591151511,1591162311,1591173111,1591183911,1591194711,1591205511,1591216311,1591227111,1591237911,1591248711,1591259511,1591270311,1591281111,1591291911,1591302711,1591313511,1591324311,1591335111,1591345911,1591356711,1591367511,1591378311,1591389111,1591399911,1591410711,1591421511,1591432311,1591443111,1591453911,1591464711,1591475511,1591486311,1591497111,1591507911,1591518711,1591529511,1591540311,1591551111,1591561911,1591572711,1591583511,1591594311,1591605111,1591615911,1591626711,1591637511,1591648311,1591659111,1591669911,1591680711,1591691511,1591702311,1591713111,1591723911,1591734711,1591745511,1591756311,1591767111],"Sun":[69.3955119,69.51535630000001,69.6352007,69.75503259999999,69.8748645,69.9946841,70.1145037,70.23431115,70.3541186,70.47391405,70.5937095,70.71349305000001,70.8332766,70.95304845000001,71.0728203,71.19258070000001,71.3123411,71.4320902,71.5518393,71.6715773,71.7913153,71.91104245,72.0307696,72.1504861,72.2702026,72.3899087,72.5096148,72.62931069999999,72.7490066,72.8686926,72.9883786,73.10805485,73.2277311,73.3473979,73.4670647,73.5867222,73.7063797,73.8260282,73.9456767,74.06531635,74.184956,74.30458705000001,74.4242181,74.54384075,74.6634634,74.7830778,74.9026922,75.02229855,75.1419049,75.26150344999999,75.381102,75.50069285000001,75.6202837,75.739867,75.8594503,75.97902625,76.0986022,76.2181709,76.3377396,76.45730130000001,76.576863,76.69641775,76.8159725,76.9355205,77.0550685,77.1746098,77.2941511,77.41368595,77.5332208,77.65274925,77.7722777,77.89179995,78.0113222,78.13083835,78.2503545,78.36986465,78.4893748,78.60887915,78.7283835,78.8478821,78.9673807,79.0868738,79.2063669,79.3258545,79.4453421,79.56482439999999,79.6843067,79.80378385,79.923261],"Moon":[162.1430846,163.907623,165.6721614,167.44465035000002,169.2171393,170.99733615000002,172.777533,174.56514375,176.3527545,178.14743185,179.9421092,181.74345160000001,183.544794,185.3523447,187.1598954,188.97314310000002,190.7863908,192.60477025,194.4231497,196.24604340000002,198.0689371,199.89567845,201.7224198,203.55229605,205.3821723,207.2144289,209.0466855,210.88053144999998,212.7143774,214.54899065,216.3836039,218.21813805,220.0526722,221.8862631,223.719854,225.55162725,227.3834005,229.2124787,231.0415569,232.86706775,234.6925786,236.51366245,238.3347463,240.1505631,241.9663799,243.77611725,245.5858546,247.38873415,249.1916137,250.98689745000001,252.7821812,254.56917705,256.3561729,258.13424005,259.9123072,261.68086025,263.4494133,265.20792585000004,266.9664384,268.71444575,270.4624531,272.19955425,273.9366554,275.66251454999997,277.3883737,279.1027203,280.8170669,282.51969625,284.2223256,285.9130976,287.6038696,289.28270755,290.9615455,292.6284346,294.2953237,295.95030865,297.6052936,299.2484763,300.891659,302.52319539999996,304.1547318,305.7748294,307.394927,309.0038411,310.6127552,312.21078624999996,313.8088173,315.39630675,316.9837962],"Mercury":[92.105129,92.2632002,92.4212714,92.5775711,92.7338708,92.8883926,93.0429144,93.19565159999999,93.3483888,93.49933455,93.6502803,93.7994277,93.9485751,94.095917,94.2432589,94.388788,94.5343171,94.6780259,94.8217347,94.9636156,95.1054965,95.2455416,95.3855867,95.52378805000001,95.6619894,95.79833875,95.9346881,96.0691771,96.2036661,96.3362862,96.4689063,96.5996487,96.7303911,96.85924685,96.9881026,97.1150626,97.2420226,97.3670775,97.4921324,97.61527275,97.7384131,97.85962915,97.9808452,98.1001272,98.2194092,98.336747,98.4540848,98.56946825,98.6848517,98.7982705,98.9116893,99.02313280000001,99.1345763,99.24403395,99.3534916,99.46095255,99.5684135,99.67386685,99.7793202,99.88275475,99.9861893,100.087594,100.1889987,100.2883622,100.3877257,100.48503665000001,100.5823476,100.67759445,100.7728413,100.8660126,100.9591839,101.05026795,101.141352,101.23033720000001,101.3193224,101.40619705,101.4930717,101.5778241,101.6625765,101.74519495,101.8278134,101.9082861,101.9887588,102.06707415,102.1453895,102.22153589999999,102.2976823,102.3716481,102.4456139],"Venus":[76.2962298,76.22217069999999,76.1481116,76.0735345,75.9989574,75.9238912,75.848825,75.77329885,75.6977727,75.62181625,75.5458598,75.4695031,75.3931464,75.3164198,75.2396932,75.16262745,75.0855617,75.00818774999999,74.9308138,74.85316305,74.7755123,74.69761625000001,74.6197202,74.54161075,74.4635013,74.3852104,74.3069195,74.2284794,74.1500393,74.07148235,73.9929254,73.91428400000001,73.8356426,73.7569494,73.6782562,73.5995437,73.5208312,73.44213210000001,73.363433,73.28477995,73.2061269,73.12755245,73.048978,72.97051465000001,72.8920513,72.8137315,72.7354117,72.65726775,72.5791238,72.5011878,72.4232518,72.34555575,72.2678597,72.1904353,72.1130109,72.03588965,71.9587684,71.88198155,71.8051947,71.7287731,71.6523515,71.5763258,71.5003001,71.42470055000001,71.349101,71.2739575,71.198814,71.12415605,71.0494981,70.9753547,70.9012113,70.8276112,70.7540111,70.68098245,70.6079538,70.5355244,70.463095,70.39129199999999,70.319489,70.24833914999999,70.1771893,70.1067189,70.0362485,69.96648315,69.8967178,69.8276827,69.7586476,69.69036725000001,69.6220869],"Mars":[341.6052122,341.68841315,341.7716141,341.8547734,341.9379327,342.02105025000003,342.1041678,342.18724345,342.2703191,342.35335280000004,342.4363865,342.51937815,342.6023698,342.68531925,342.7682687,342.85117590000004,342.9340831,343.01694795000003,343.0998128,343.18263515,343.2654575,343.34823725,343.431017,343.51375405,343.5964911,343.6791853,343.7618795,343.8445307,343.9271819,344.00978995,344.092398,344.17496265,344.2575273,344.3400484,344.4225695,344.50504675,344.587524,344.66995725,344.7523905,344.8347794,344.9171683,344.99951255,345.0818568,345.16415615000005,345.2464555,345.3287095,345.4109635,345.4931718,345.5753801,345.65754234999997,345.7397046,345.8218204,345.9039362,345.98600505,346.0680739,346.15009535,346.2321168,346.31409045,346.3960641,346.47798945,346.5599148,346.6417913,346.7236678,346.805495,346.8873222,346.96909960000005,347.050877,347.13260405,347.2143311,347.2960073,347.3776835,347.45930835,347.5409332,347.6225061,347.704079,347.7855995,347.86712,347.94858750000003,348.030055,348.111469,348.192883,348.27424295000003,348.3556029,348.4369083,348.5182137,348.599464,348.6807143,348.76190895,348.8431036],"Jupiter":[296.8495656,296.84338034999996,296.8371951,296.830917,296.8246389,296.81826820000003,296.8118975,296.8054345,296.7989715,296.79241645,296.7858614,296.7792147,296.772568,296.76582985,296.7590917,296.75226245,296.7454332,296.7385132,296.7315932,296.72458270000004,296.7175722,296.7104716,296.703371,296.69618049999997,296.68899,296.68170995,296.6744299,296.6670606,296.6596913,296.652233,296.6447747,296.63722775,296.6296808,296.62204545,296.6144101,296.6066866,296.5989631,296.59115169999995,296.5833403,296.57544125,296.5675422,296.55955574999996,296.5515693,296.54349564999995,296.535422,296.5272614,296.5191008,296.5108534,296.502606,296.494272,296.485938,296.4775177,296.4690974,296.4605909,296.4520844,296.4434919,296.4348994,296.42622115,296.4175429,296.408779,296.4000151,296.39116590000003,296.3823167,296.37338224999996,296.3644478,296.3554284,296.346409,296.3373049,296.3282008,296.3190121,296.3098234,296.3005505,296.2912776,296.28192064999996,296.2725637,296.26312295,296.2536822,296.24415795000004,296.2346337,296.22502629999997,296.2154189,296.20572855,296.1960382,296.1862652,296.1764922,296.16663695,296.1567817,296.14684445,296.1369072],