{"columns":{"0":["x",1588948674,1588970274,1588991874,1589013474,1589035074,1589056674,1589078274,1589099874,1589121474,1589143074,1589164674,1589186274,1589207874,1589229474,1589251074,1589272674,1589294274,1589315874,1589337474,1589359074,1589380674,1589402274,1589423874,1589445474,1589467074,1589488674,1589510274,1589531874,1589553474,1589575074,1589596674,1589618274,1589639874,1589661474,1589683074,1589704674,1589726274,1589747874,1589769474,1589791074,1589812674,1589834274,1589855874,1589877474,1589899074,1589920674,1589942274,1589963874,1589985474,1590007074,1590028674,1590050274,1590071874,1590093474,1590115074,1590136674,1590158274,1590179874,1590201474,1590223074,1590244674,1590266274,1590287874,1590309474,1590331074,1590352674,1590374274,1590395874,1590417474,1590439074,1590460674,1590482274,1590503874,1590525474,1590547074,1590568674,1590590274,1590611874,1590633474,1590655074,1590676674],"Sun":[48.5789086,48.8204857,49.0620628,49.3036399,49.545216999999994,49.786794099999995,50.028371199999995,50.269948299999996,50.5115254,50.752911649999994,50.9942979,51.23568415,51.4770704,51.71845665,51.9598429,52.20122915,52.4426154,52.6838196125,52.925023825,53.1662280375,53.40743225,53.6486364625,53.889840675,54.131044887499996,54.3722491,54.613278199999996,54.8543073,55.0953364,55.3363655,55.5773946,55.8184237,56.0594528,56.3004819,56.541341162500004,56.782200425,57.0230596875,57.263918950000004,57.5047782125,57.745637475,57.9864967375,58.227356,58.4680482625,58.708740524999996,58.9494327875,59.19012505,59.4308173125,59.671509575,59.9122018375,60.1528941,60.393418337499995,60.633942575,60.8744668125,61.11499105,61.3555152875,61.596039525,61.836563762500006,62.077088,62.317438125,62.55778825,62.798138375,63.0384885,63.278838625000006,63.519188750000005,63.759538875000004,63.999889,64.24005397500001,64.48021895000001,64.72038392500001,64.9605489,65.200713875,65.44087885,65.681043825,65.9212088,66.16117645,66.40114410000001,66.64111175000001,66.8810794,67.12104705,67.3610147,67.60098235000001,67.84095],"Moon":[246.3255489,249.8575424,253.3895359,256.9215294,260.4535229,263.9855164,267.5175099,271.0495034,274.5814969,277.892016425,281.20253594999997,284.513055475,287.823575,291.134094525,294.44461405000004,297.755133575,301.0656531,304.18955453750004,307.313455975,310.4373574125,313.56125885,316.6851602875,319.809061725,322.93296316249996,326.0568646,329.0650159125,332.073167225,335.0813185375,338.08946985,341.0976211625,344.105772475,347.1139237875,350.1220751,353,356,359,2,5,8,11,13.8529624,16.837349975,19.821737549999998,22.806125125,25.7905127,28.774900275,31.75928785,34.743675425,37.728063,40.7708836,43.8137042,46.8565248,49.8993454,52.942166,55.9849866,59.0278072,62.0706278,65.1965717625,68.322515725,71.4484596875,74.57440365,77.7003476125,80.826291575,83.9522355375,87.0781795,90.30530235,93.5324252,96.75954805,99.98667090000001,103.21379375000001,106.4409166,109.66803945,112.8951623,116.241706925,119.58825155,122.934796175,126.28134080000001,129.627885425,132.97443005,136.320974675,139.6675193],"Mercury":[53.1766619,53.715326425,54.25399095,54.792655475,55.33132,55.869984525,56.408649049999994,56.947313574999995,57.4859781,58.016198599999996,58.546419099999994,59.0766396,59.6068601,60.1370806,60.6673011,61.1975216,61.7277421,62.244926225,62.76211035,63.279294475,63.7964786,64.313662725,64.83084685,65.348030975,65.8652151,66.3653551,66.8654951,67.3656351,67.86577510000001,68.3659151,68.8660551,69.3661951,69.8663351,70.3462201875,70.826105275,71.3059903625,71.78587544999999,72.2657605375,72.745645625,73.2255307125,73.7054158,74.162662425,74.61990904999999,75.077155675,75.5344023,75.99164892499999,76.44889555,76.906142175,77.3633888,77.79632746249999,78.229266125,78.6622047875,79.09514345,79.52808211249999,79.961020775,80.3939594375,80.8268981,81.23438383749999,81.64186957499999,82.0493553125,82.45684105,82.86432678749999,83.271812525,83.6792982625,84.086784,84.46799197499999,84.84919995,85.230407925,85.6116159,85.992823875,86.37403185,86.755239825,87.1364478,87.4906943375,87.84494087499999,88.1991874125,88.55343395,88.9076804875,89.261927025,89.6161735625,89.9704201],"Venus":[81.4448905,81.47860705,81.5123236,81.54604015,81.57975669999999,81.61347325,81.64718979999999,81.68090635,81.7146229,81.729582,81.74454109999999,81.75950019999999,81.77445929999999,81.7894184,81.8043775,81.8193366,81.8342957,81.8298157375,81.825335775,81.8208558125,81.81637585,81.8118958875,81.807415925,81.8029359625,81.798456,81.77405605,81.74965610000001,81.72525615,81.7008562,81.67645625,81.6520563,81.62765635000001,81.6032564,81.5587308125,81.51420522500001,81.46967963750001,81.42515405,81.3806284625,81.336102875,81.2915772875,81.2470517,81.1825518,81.1180519,81.053552,80.98905210000001,80.92455220000001,80.8600523,80.7955524,80.7310525,80.64716805,80.5632836,80.47939915,80.3955147,80.31163025,80.2277458,80.14386135,80.0599769,79.95780995,79.855643,79.75347605,79.65130909999999,79.54914215,79.4469752,79.34480825,79.2426413,79.1238650375,79.005088775,78.8863125125,78.76753625,78.6487599875,78.529983725,78.4112074625,78.2924312,78.159324825,78.02621845,77.893112075,77.7600057,77.626899325,77.49379295,77.360686575,77.2275802],"Mars":[326.9558406,327.12727928749996,327.298717975,327.4701566625,327.64159535,327.81303403749996,327.984472725,328.1559114125,328.3273501,328.498492625,328.66963515,328.84077767499997,329.01192019999996,329.183062725,329.35420525,329.525347775,329.6964903,329.8672922875,330.038094275,330.2088962625,330.37969825,330.5505002375,330.721302225,330.8921042125,331.0629062,331.2333255,331.40374479999997,331.57416409999996,331.7445834,331.9150027,332.085422,332.2558413,332.4262606,332.596257225,332.76625385,332.936250475,333.1062471,333.276243725,333.44624035,333.616236975,333.7862336,333.9557685125,334.12530342499997,334.2948383375,334.46437325,334.6339081625,334.803443075,334.9729779875,335.1425129,335.3115469,335.4805809,335.6496149,335.81864889999997,335.9876829,336.1567169,336.3257509,336.4947849,336.6632781875,336.831771475,337.0002647625,337.16875805,337.3372513375,337.50574462500003,337.6742379125,337.8427312,338.0106439125,338.178556625,338.3464693375,338.51438205,338.68229476249996,338.850207475,339.0181201875,339.1860329,339.353328075,339.52062324999997,339.68791842499996,339.85521359999996,340.022508775,340.18980395,340.357099125,340.5243943],"Jupiter":[297.1857212,297.189571825,297.19342244999996,297.197273075,297.2011237,297.20497432499997,297.20882495,297.212675575,297.2165262,297.2188046125,297.221083025,297.2233614375,297.22563985,297.2279182625,297.230196675,297.2324750875,297.2347535,297.235446075,297.23613865000004,297.236831225,297.2375238,297.23821637500004,297.23890895,297.239601525,297.2402941,297.23939520000005,297.2384963,297.2375974,297.2366985,297.2357996,297.2349007,297.2340018,297.2331029,297.2306135625,297.228124225,297.2256348875,297.22314555,297.2206562125,297.218166875,297.21567753749997,297.2131882,297.209114425,297.20504065,297.200966875,297.1968931,297.19281932499996,297.18874554999996,297.18467177499997,297.180598,297.1749493,297.1693006,297.1636519,297.1580032,297.1523545,297.1467058,297.1410571,297.1354084,297.1281963125,297.12098422500003,297.1137721375,297.10656005,297.0993479625,297.092135875,297.08492378750003,297.0777117,297.0689489375,297.060186175,297.0514234125,297.04266065,297.0338978875,297.025135125,297.0163723625,297.0076096,296.997311475,296.98701335,296.976715225,296.9664171,296.956118975,296.94582085,296.935522725,296.9252246],