{"columns":{"0":["x",1597072855,1597083655,1597094455,1597105255,1597116055,1597126855,1597137655,1597148455,1597159255,1597170055,1597180855,1597191655,1597202455,1597213255,1597224055,1597234855,1597245655,1597256455,1597267255,1597278055,1597288855,1597299655,1597310455,1597321255,1597332055,1597342855,1597353655,1597364455,1597375255,1597386055,1597396855,1597407655,1597418455,1597429255,1597440055,1597450855,1597461655,1597472455,1597483255,1597494055,1597504855,1597515655,1597526455,1597537255,1597548055,1597558855,1597569655,1597580455,1597591255,1597602055,1597612855,1597623655,1597634455,1597645255,1597656055,1597666855,1597677655,1597688455,1597699255,1597710055,1597720855,1597731655,1597742455,1597753255,1597764055,1597774855,1597785655,1597796455,1597807255,1597818055,1597828855,1597839655,1597850455,1597861255,1597872055,1597882855,1597893655,1597904455,1597915255,1597926055,1597936855,1597947655,1597958455,1597969255,1597980055,1597990855,1598001655,1598012455,1598023255],"Sun":[138.5645859,138.68450045,138.804415,138.92434200000002,139.044269,139.16420855,139.2841481,139.40410025,139.5240524,139.64401729999997,139.7639822,139.88395985,140.0039375,140.123928,140.2439185,140.36392185,140.4839252,140.6039415,140.7239578,140.8439871,140.9640164,141.0840587,141.204101,141.3241563,141.4442116,141.56427995,141.6843483,141.80442965,141.924511,142.04460534999998,142.1646997,142.2848071,142.4049145,142.52503485,142.6451552,142.76528845,142.8854217,143.0055678,143.1257139,143.24587285,143.3660318,143.4862035,143.6063752,143.7265595,143.8467438,143.9669407,144.0871376,144.20734695,144.3275563,144.44777795,144.5679996,144.68823355,144.8084675,144.92871350000001,145.0489595,145.1692175,145.2894755,145.40974540000002,145.5300153,145.6502969,145.7705785,145.89087175,146.011165,146.1314697,146.2517744,146.37209044999997,146.4924065,146.61273384999998,146.7330612,146.85339965,146.9737381,147.09408765,147.2144372,147.33479764999998,147.4551581,147.57552945,147.6959008,147.816283,147.9366652,148.0570581,148.177451,148.29785464999998,148.4182583,148.53867259999998,148.6590869,148.77951180000002,148.8999367,149.02037225,149.1408078],"Moon":[38.343504,39.82870195,41.3138999,42.801578250000006,44.2892566,45.7800711,47.2708856,48.76549945,50.2601133,51.75919475,53.2582762,54.76249595,56.2667157,57.776744,59.2867723,60.803276249999996,62.3197802,63.84342025,65.3670603,66.89848705,68.4299138,69.96976425,71.5096147,73.0585087,74.6074027,76.16593835,77.724474,79.29322365,80.8619733,82.441479,84.0209847,85.6117533,87.2025219,88.80502,90.4075181,92.02216715,93.6368162,95.26398710000001,96.891158,98.53116595,100.1711739,101.824273,103.4773721,105.14375035,106.8101286,108.4899029,110.1696772,111.8628887,113.5561002,115.2627104,116.9693206,118.68920735,120.4090941,122.14204935000001,123.8750046,125.62073185,127.3664591,129.1245726,130.8826861,132.65271124999998,134.4227364,136.2041105,137.9854846,139.77756010000002,141.5696356,143.37168385,145.1737321,146.9849486,148.7961651,150.61567635,152.4351876,154.26205915,156.0889307,157.9221762,159.7554217,161.59401305,163.4326044,165.2754829,167.1183614,168.96444889999998,170.8105364,172.6587476,174.5069588,176.35621294999999,178.2054671,180.0546996,181.9039321,183.75210579999998,185.6002795],"Mercury":[131.1482313,131.40370430000002,131.6591773,131.9149173,132.1706573,132.42662389999998,132.6825905,132.93874415,133.1948978,133.45119985000002,133.7075019,133.9639145,134.2203271,134.4768135,134.7332999,134.98982425,135.2463486,135.50287600000001,135.7594034,136.01589995,136.2723965,136.5288293,136.7852621,137.04159925,137.2979364,137.554147,137.8103576,138.06641175,138.3224659,138.5783348,138.8342037,139.08985934999998,139.345515,139.60093065,139.8563463,140.11149605,140.3666458,140.6215047,140.8763636,141.13090775,141.3854519,141.6396584,141.8938649,142.1477117,142.4015585,142.65502465,142.9084908,143.16155605,143.4146213,143.66726655,143.9199118,144.17211855,144.4243253,144.67607594999998,144.9278266,145.1791043,145.430382,145.68117075,145.9319595,146.18224405,146.4325286,146.6822946,146.9320606,147.18129455000002,147.4305285,147.67921760000002,147.9279067,148.17603904999999,148.4241714,148.67173555,148.9192997,149.16628505,149.4132704,149.659667,149.9060636,150.15186195,150.3976603,150.64285165,150.888043,151.13261920000002,151.3771954,151.62114875,151.8651021,152.10842555,152.351749,152.59443595,152.8371229,153.07916725,153.3212116],"Venus":[92.893741,93.01124195,93.1287429,93.24649275,93.3642426,93.48223924999999,93.6002359,93.71847735,93.8367188,93.9552031,94.0736874,94.19241245,94.3111375,94.43010135,94.5490652,94.66826595,94.7874667,94.90690235,95.026338,95.14600659999999,95.2656752,95.38557485000001,95.5054745,95.6256032,95.7457319,95.86608785,95.9864438,96.10702505,96.2276063,96.348411,96.4692157,96.5902419,96.7112681,96.832514,96.9537599,97.07522355,97.1966872,97.3183669,97.4400466,97.56194035,97.6838341,97.80594020000001,97.9280463,98.05036290000001,98.1726795,98.2952048,98.4177301,98.54046224999999,98.6631944,98.78613175,98.9090691,99.0322098,99.1553505,99.2786929,99.4020353,99.52557759999999,99.6491199,99.77286045,99.896601,100.02053810000001,100.1444752,100.2686073,100.3927394,100.51706485,100.6413903,100.76590745,100.8904246,101.015132,101.1398394,101.2647355,101.3896316,101.51471495,101.6397983,101.76506739999999,101.8903365,102.01578995,102.1412434,102.26687985,102.3925163,102.51833445,102.6441526,102.77015109999999,102.8961496,103.0223272,103.1485048,103.27486024999999,103.4012157,103.5277478,103.6542799],"Mars":[22.1845213,22.23013185,22.2757424,22.3210696,22.3663968,22.41143895,22.4564811,22.50123635,22.5459916,22.590458050000002,22.6349245,22.67910035,22.7232762,22.7671596,22.811043,22.8546321,22.8982212,22.94151415,22.9848071,23.027802,23.0707969,23.1134919,23.1561869,23.1985801,23.2409733,23.28306285,23.3251524,23.36693635,23.4087203,23.4501968,23.4916733,23.532840450000002,23.5740076,23.6148635,23.6557194,23.6962621,23.7368048,23.7770325,23.8172602,23.85717095,23.8970817,23.936673550000002,23.9762654,24.015536599999997,24.0548078,24.0937564,24.132705,24.1713291,24.2099532,24.248251,24.2865488,24.3245185,24.3624882,24.4001279,24.4377676,24.475075500000003,24.5123834,24.549357800000003,24.5863322,24.62297125,24.6596103,24.6959124,24.7322145,24.76817785,24.8041412,24.83976415,24.8753871,24.910668100000002,24.9459491,24.98088645,25.0158238,25.050416,25.0850082,25.11925365,25.1534991,25.18739635,25.2212936,25.2548412,25.2883888,25.32158525,25.3547817,25.38762565,25.4204696,25.4529596,25.4854496,25.5175843,25.549719,25.5814971,25.6132752],"Jupiter":[289.1021783,289.0901353,289.0780923,289.0661194,289.0541465,289.04224415,289.0303418,289.01851055,289.0066793,288.99491965,288.98316,288.97147244999996,288.9597849,288.9481699,288.9365549,288.92501295,288.913471,288.90200255,288.8905341,288.8791397,288.8677453,288.8564253,288.8451053,288.8338602,288.8226151,288.8114454,288.8002757,288.7891818,288.7780879,288.76707020000003,288.7560525,288.74511155000005,288.7341706,288.7233067,288.7124428,288.70165645,288.6908701,288.68016165,288.6694532,288.6588231,288.648193,288.63764165,288.6270903,288.6166181,288.6061459,288.59575325000003,288.5853606,288.57504785000003,288.5647351,288.5545026,288.5442701,288.53411834999997,288.5239666,288.51389589999997,288.5038252,288.4938359,288.4838466,288.4739392,288.4640318,288.45420655,288.4443813,288.43463865,288.424896,288.41523635,288.4055767,288.3960004,288.3864241,288.37693160000003,288.3674391,288.3580307,288.3486223,288.33929854999997,288.3299748,288.320736,288.3114972,288.30234375,288.2931903,288.2841227,288.2750551,288.26607375,288.2570924,288.24819764999995,288.2393029,288.23049519999995,288.2216875,288.21296729999995,288.2042471,288.19561475,288.1869824],