{"columns":{"0":["x",1591089488,1591100288,1591111088,1591121888,1591132688,1591143488,1591154288,1591165088,1591175888,1591186688,1591197488,1591208288,1591219088,1591229888,1591240688,1591251488,1591262288,1591273088,1591283888,1591294688,1591305488,1591316288,1591327088,1591337888,1591348688,1591359488,1591370288,1591381088,1591391888,1591402688,1591413488,1591424288,1591435088,1591445888,1591456688,1591467488,1591478288,1591489088,1591499888,1591510688,1591521488,1591532288,1591543088,1591553888,1591564688,1591575488,1591586288,1591597088,1591607888,1591618688,1591629488,1591640288,1591651088,1591661888,1591672688,1591683488,1591694288,1591705088,1591715888,1591726688,1591737488,1591748288,1591759088,1591769888,1591780688,1591791488,1591802288,1591813088,1591823888,1591834688,1591845488,1591856288,1591867088,1591877888,1591888688,1591899488,1591910288,1591921088,1591931888,1591942688,1591953488,1591964288,1591975088,1591985888,1591996688,1592007488,1592018288,1592029088,1592039888],"Sun":[72.4206911,72.54039075,72.6600904,72.77978005,72.8994697,73.01914955000001,73.1388294,73.25849965,73.3781699,73.49783085,73.6174918,73.7371436,73.8567954,73.97643835,74.0960813,74.21571549999999,74.3353497,74.45497545,74.5746012,74.69421865000001,74.8138361,74.93344545,75.0530548,75.1726562,75.2922576,75.41185125,75.5314449,75.65103099999999,75.7706171,75.89019575,76.0097744,76.1293458,76.2489172,76.3684815,76.4880458,76.6076031,76.7271604,76.8467109,76.9662614,77.08580515,77.2053489,77.32488615,77.4444234,77.56395420000001,77.683485,77.80300955,77.9225341,78.0420525,78.1615709,78.28108325,78.4005956,78.5201021,78.6396086,78.75910935,78.8786101,78.9981052,79.1176003,79.23708995000001,79.3565796,79.47606385,79.5955481,79.71502715,79.8345062,79.9539801,80.073454,80.19292295,80.3123919,80.431856,80.5513201,80.67077950000001,80.7902389,80.90969365000001,81.0291484,81.14859865,81.2680489,81.38749475,81.5069406,81.6263822,81.7458238,81.86526119999999,81.9846986,82.10413195000001,82.2235653,82.3429947,82.4624241,82.58184965000001,82.7012752,82.82069695,82.9401187],"Moon":[207.6850993,209.51844935,211.3517994,213.18622535,215.0206513,216.85531494999998,218.6899786,220.5240215,222.3580644,224.1906152,226.023166,227.85334749999998,229.683529,231.51046615,233.3374033,235.1602307,236.9830581,238.8009277,240.6187973,242.43088565,244.242974,246.04848925,247.8540045,249.6521929,251.4503813,253.24053315,255.030685,256.81213995,258.5935949,260.3657466,262.1378983,263.90019785000004,265.6624974,267.41445699999997,269.1664166,270.90761135,272.6488061,274.37887595,276.1089458,277.82759599999997,279.5462462,281.25324754999997,282.9602489,284.65543745,286.350626,288.0339017,289.7171774,291.38850260000004,293.0598278,294.71922545,296.3786231,298.0261742,299.6737253,301.309566,302.9454067,304.5697257,306.1940447,307.80708004999997,309.4201154,311.02215105,312.6241867,314.2155493,315.8069119,317.3879673,318.9690227,320.54017285,322.111323,323.67300215,325.2346813,326.78735305,328.3400248,329.8841788,331.4283328,332.96448145,334.5006301,336.02930575000005,337.5579814,339.07973325,340.6014851,342.11687665,343.6322682,345.14187434999997,346.6514805,348.15588515,349.6602898,351.16008339999996,352.659877,354.15565430000004,355.6514316],"Mercury":[95.8338317,95.96901270000001,96.1041937,96.23750895,96.3708242,96.50226505,96.6337059,96.7632635,96.8928211,97.0204863,97.1481515,97.27391515,97.3996788,97.5235314,97.647384,97.76931594999999,97.8912479,98.01124945000001,98.131251,98.2493121,98.3673732,98.4834838,98.5995944,98.71374415,98.8278939,98.9400723,99.0522507,99.16244725,99.2726438,99.38084764999999,99.4890515,99.5952518,99.7014521,99.80563785,99.9098236,100.01198355,100.1141435,100.21426650000001,100.3143895,100.4124642,100.5105389,100.60655375,100.7025686,100.7965122,100.8904558,100.98231645,101.0741771,101.1639433,101.2537095,101.34136945,101.4290294,101.51457145,101.6001135,101.6835259,101.7669383,101.8482094,101.9294805,102.0085985,102.0877165,102.1646699,102.2416233,102.31640035000001,102.3911774,102.46376670000001,102.536356,102.606746,102.677136,102.7453155,102.813495,102.87945275,102.9454105,103.0091355,103.0728605,103.13434194999999,103.1958234,103.2550506,103.3142778,103.3712404,103.428203,103.4828909,103.5375788,103.58998205,103.6423853,103.69249450000001,103.7426037,103.7904096,103.8382155,103.88370935,103.9292032],"Venus":[74.3651178,74.28672935,74.2083409,74.12982355,74.0513062,73.9726924,73.8940786,73.81540079999999,73.736723,73.6580139,73.5793048,73.5005969,73.421889,73.34321505,73.2645411,73.1859336,73.1073261,73.02881769999999,72.9503093,72.87193239999999,72.7935555,72.71534245000001,72.6371294,72.55911245,72.4810955,72.40330660000001,72.3255177,72.24798875,72.1704598,72.09322230000001,72.0159848,71.93907010000001,71.8621554,71.78559455000001,71.7090337,71.6328574,71.5566811,71.48091975,71.4051584,71.32984205,71.2545257,71.17968395,71.1048422,71.03050429999999,70.9561664,70.88236119999999,70.808556,70.73531184999999,70.6620677,70.5894125,70.5167573,70.44471845,70.3726796,70.3012841,70.2298886,70.15916279999999,70.088437,70.01840680000001,69.9483766,69.87906735,69.8097581,69.7411946,69.6726311,69.60483755,69.537044,69.47004405,69.4030441,69.33686085,69.2706776,69.20533345,69.1399893,69.07550615,69.011023,68.9474221,68.8838212,68.8211232,68.7584252,68.6966501,68.634875,68.57404215,68.5132093,68.4533375,68.3934657,68.3345731,68.2756805,68.2177846,68.1598887,68.10300635,68.046124],"Mars":[343.7004585,343.7831257,343.8657929,343.94841695,344.031041,344.11362180000003,344.1962026,344.2787399,344.3612772,344.44377080000004,344.5262644,344.60871399999996,344.6911636,344.77356899999995,344.8559744,344.93833529999995,345.0206962,345.10301225,345.1853283,345.26759915,345.34987,345.43209535,345.5143207,345.59650009999996,345.6786795,345.7608126,345.8429457,345.92503205,346.0071184,346.0891575,346.1711966,346.25318804999995,346.3351795,346.41712285,346.4990662,346.58096090000004,346.6628556,346.7447012,346.8265468,346.90834275,346.9901387,347.0718845,347.1536303,347.2353255,347.3170207,347.39866465,347.4803086,347.56190085000003,347.6434931,347.7250331,347.8065731,347.88806035,347.9695476,348.05098154999996,348.1324155,348.2137956,348.2951757,348.3765014,348.4578271,348.53909795,348.6203688,348.70158419999996,348.7827996,348.863959,348.9451184,349.02622135,349.1073243,349.1883702,349.2694161,349.35040445000004,349.4313928,349.51232305,349.5932533,349.67412495,349.7549966,349.8358091,349.9166216,349.9973744,350.0781272,350.15881975,350.2395123,350.32014415000003,350.400776,350.48134655,350.5619171,350.6424258,350.7229345,350.80338085,350.8838272],"Jupiter":[296.6798589,296.6725227,296.6651865,296.65776125,296.650336,296.64282195,296.6353079,296.62770535,296.6201028,296.61241199999995,296.6047212,296.59694245,296.5891637,296.58129714999995,296.5734306,296.5654766,296.5575226,296.5494813,296.54144,296.53331165,296.5251833,296.5169681,296.5087529,296.50045109999996,296.4921493,296.48376099999996,296.4753727,296.4668982,296.4584237,296.4498631,296.4413025,296.43265610000003,296.4240097,296.41527759999997,296.4065455,296.39772795,296.3889104,296.3800076,296.3711048,296.36211695,296.3531291,296.3440564,296.3349837,296.3258264,296.3166691,296.30742745,296.2981858,296.28886,296.2795342,296.27012460000003,296.260715,296.25122175,296.2417285,296.2321519,296.2225753,296.21291575,296.2032562,296.19351385,296.1837715,296.17394679999995,296.1641221,296.15421525,296.1443084,296.13431979999996,296.1243312,296.1142612,296.1041912,296.09404015,296.0838891,296.07365730000004,296.0634255,296.05311340000003,296.0428013,296.03240925,296.0220172,296.01154555,296.0010739,295.99052305,295.9799722,295.9693426,295.958713,295.94800499999997,295.937297,295.92651105,295.9157251,295.9048616,295.8939981,295.88305749999995,295.8721169],