{"columns":{"0":["x",1592118759,1592129559,1592140359,1592151159,1592161959,1592172759,1592183559,1592194359,1592205159,1592215959,1592226759,1592237559,1592248359,1592259159,1592269959,1592280759,1592291559,1592302359,1592313159,1592323959,1592334759,1592345559,1592356359,1592367159,1592377959,1592388759,1592399559,1592410359,1592421159,1592431959,1592442759,1592453559,1592464359,1592475159,1592485959,1592496759,1592507559,1592518359,1592529159,1592539959,1592550759,1592561559,1592572359,1592583159,1592593959,1592604759,1592615559,1592626359,1592637159,1592647959,1592658759,1592669559,1592680359,1592691159,1592701959,1592712759,1592723559,1592734359,1592745159,1592755959,1592766759,1592777559,1592788359,1592799159,1592809959,1592820759,1592831559,1592842359,1592853159,1592863959,1592874759,1592885559,1592896359,1592907159,1592917959,1592928759,1592939559,1592950359,1592961159,1592971959,1592982759,1592993559,1593004359,1593015159,1593025959,1593036759,1593047559,1593058359,1593069159],"Sun":[83.8121791,83.93158439999999,84.0509897,84.17039175,84.2897938,84.4091926,84.5285914,84.647987,84.7673826,84.88677515,85.0061677,85.12555710000001,85.2449465,85.36433295,85.4837194,85.60310285,85.7224863,85.84186685,85.9612474,86.08062505000001,86.2000027,86.31937744999999,86.4387522,86.5581241,86.677496,86.7968651,86.9162342,87.03560045,87.1549667,87.2743301,87.3936935,87.51305405,87.6324146,87.75177235000001,87.8711301,87.9904849,88.1098397,88.22919164999999,88.3485436,88.46789255,88.5872415,88.70658750000001,88.8259335,88.94527640000001,89.0646193,89.18395910000001,89.3032989,89.4226355,89.5419721,89.6613054,89.7806387,89.89996865,90.0192986,90.1386251,90.2579516,90.3772745,90.4965974,90.6159167,90.735236,90.85455145,90.9738669,91.0931785,91.2124901,91.3317977,91.4511053,91.57040875,91.6897122,91.80901145,91.9283107,92.04760555,92.1669004,92.2861908,92.4054812,92.524767,92.6440528,92.76333389999999,92.882615,93.00189135,93.1211677,93.2404392,93.3597107,93.4789772,93.5982437,93.71750525,93.8367668,93.9560232,94.0752796,94.19453095,94.3137823],"Moon":[6.5257636,8.0106819,9.4956002,10.97984395,12.4640877,13.94822895,15.4323702,16.9169711,18.401572,19.88718305,21.3727941,22.85995265,24.3471112,25.8363404,27.3255696,28.8173767,30.3091838,31.804058949999998,33.2989341,34.79734929999999,36.2957645,37.79817215,39.3005798,40.807411900000005,42.314244,43.82591095,45.3375779,46.8544676,48.3713573,49.89383415,51.416311,52.944715349999996,54.4731197,56.00776665,57.5424136,59.083593050000005,60.6247725,62.1727481,63.7207237,65.2757326,66.8307415,68.392994,69.9552465,71.52492595000001,73.0946054,74.67186825,76.2491311,77.83410635,79.4190816,81.0118719,82.6046622,84.20534355000001,85.8060249,87.41464715000001,89.0232694,90.63985715000001,92.2564449,93.88099785,95.5055508,97.1380447,98.7705386,100.41092624999999,102.0513139,103.69952615,105.3477384,107.00368495000001,108.6596315,110.32320275000001,111.986774,113.65784149999999,115.328909,117.00732740000001,118.6857458,120.37135365,122.0569615,123.74958285,125.4422042,127.14164970000002,128.8410952,130.54716335,132.2532315,133.9657101,135.6781887,137.39685550000002,139.1155223,140.84014630000001,142.5647703,144.29511255,146.0254548],"Mercury":[104.2219107,104.2565473,104.2911839,104.32346745,104.355751,104.38567605,104.4156011,104.4431629,104.4707247,104.4959192,104.5211137,104.54393759999999,104.5667615,104.5872122,104.6076629,104.62573864999999,104.6438144,104.65951435,104.6752143,104.68853834999999,104.7018624,104.71281164999999,104.7237609,104.73233715,104.7409134,104.7471197,104.753326,104.7571664,104.7610068,104.7624864,104.763966,104.76309119999999,104.7622164,104.75899475,104.7557731,104.75021335,104.7446536,104.7367659,104.7288782,104.71867395,104.7084697,104.69596185,104.683454,104.66865675,104.6538595,104.63678859999999,104.6197177,104.6003904,104.5810631,104.55949835,104.5379336,104.5141517,104.4903698,104.4643929,104.438416,104.4102678,104.3821196,104.3518256,104.3215316,104.28911895,104.2567063,104.22220395,104.1877016,104.15114034999999,104.1145791,104.07599155,104.037404,103.9968245,103.956245,103.91370995,103.8711749,103.8267224,103.7822699,103.7359401,103.6896103,103.64144519999999,103.5932801,103.5433235,103.4933669,103.44166475,103.3899626,103.33656255,103.2831625,103.22811415000001,103.1730658,103.11642075,103.0597757,103.00158730000001,102.9433989],"Venus":[67.6484401,67.59647545,67.5445108,67.49364320000001,67.4427756,67.39301775000001,67.3432599,67.29462380000001,67.2459877,67.19848485,67.150982,67.10462325,67.0582645,67.01306015,66.9678558,66.92381545,66.8797751,66.83690785,66.7940406,66.75235495000001,66.7106693,66.6701732,66.6296771,66.59037795,66.5510788,66.5129833,66.4748878,66.4380023,66.4011168,66.36544705,66.3297773,66.2953284,66.2608795,66.2276563,66.1944331,66.16243965,66.1304462,66.09968624999999,66.0689263,66.03940305,66.0098798,65.981596,65.9533122,65.92627015,65.8992281,65.87342960000001,65.8476311,65.82307755,65.798524,65.77521635,65.7519087,65.72984755,65.7077864,65.68697195,65.6661575,65.64658945,65.6270214,65.6086992,65.590377,65.5732997,65.5562224,65.5403887,65.524555,65.50996325,65.4953715,65.4820198,65.4686681,65.4565542,65.4444403,65.43356159999999,65.4226829,65.4130366,65.4033903,65.39497335,65.3865564,65.37936535,65.3721743,65.3662057,65.3602371,65.35548700000001,65.3507369,65.34720135,65.3436658,65.3413405,65.3390152,65.33789575,65.3367763,65.33685804999999,65.3369398],"Mars":[351.4702398,351.55038890000003,351.630538,351.7106217,351.7907054,351.87072305,351.9507407,352.03069185,352.110643,352.190527,352.270411,352.3502274,352.4300438,352.5097919,352.58954,352.66921935,352.7488987,352.8285087,352.9081187,352.98765875000004,353.0671988,353.14666835,353.2261379,353.30553640000005,353.3849349,353.4642617,353.5435885,353.62284305000003,353.7020976,353.78127935,353.8604611,353.93956945,354.0186778,354.09771209999997,354.1767464,354.25570615000004,354.3346659,354.41355039999996,354.4924349,354.5712436,354.6500523,354.72878460000004,354.8075169,354.88617224999996,354.9648276,355.0434053,355.121983,355.20048245,355.2789819,355.3574026,355.4358233,355.5141645,355.5925057,355.67076695000003,355.7490282,355.82720875,355.9053893,355.98348865,356.061588,356.1396055,356.217623,356.29555805,356.3734931,356.45134515,356.5291972,356.60696565,356.6847341,356.7624184,356.8401027,356.91770225,356.9953018,357.07281605000003,357.1503303,357.2277587,357.3051871,357.3825291,357.4598711,357.5371262,357.6143813,357.691549,357.7687167,357.8457965,357.9228763,357.99986765,358.076859,358.1537615,358.230664,358.30747714999995,358.3842903],"Jupiter":[295.7909231,295.77962955,295.768336,295.7569678,295.7455996,295.7341573,295.722715,295.71119899999997,295.699683,295.68809375,295.6765045,295.66484255,295.6531806,295.64144639999995,295.6297122,295.6179062,295.6061002,295.5942229,295.5823456,295.5703975,295.5584494,295.546431,295.5344126,295.52232434999996,295.5102361,295.4980786,295.4859211,295.47369475,295.4614684,295.44917375,295.4368791,295.4245166,295.4121541,295.39972435000004,295.3872946,295.37479805,295.3623015,295.3497387,295.3371759,295.32454729999995,295.3119187,295.29922485,295.286531,295.27377245,295.2610139,295.2481911,295.2353683,295.22248179999997,295.2095953,295.1966456,295.1836959,295.17068355,295.1576712,295.14459669999997,295.1315222,295.11838605,295.1052499,295.09205269999995,295.0788555,295.0655977,295.0523399,295.03902204999997,295.0257042,295.01232685,294.9989495,294.98551315,294.9720768,294.95858205,294.9450873,294.93153470000004,294.9179821,294.90437215,294.8907622,294.87709544999996,294.8634287,294.84970575,294.8359828,294.8222043,294.8084258,294.7945922,294.7807586,294.76687055,294.7529825,294.73904065,294.7250988,294.71110369999997,294.6971086,294.6830609,294.6690132],