{"columns":{"0":["x",1592459146,1592469946,1592480746,1592491546,1592502346,1592513146,1592523946,1592534746,1592545546,1592556346,1592567146,1592577946,1592588746,1592599546,1592610346,1592621146,1592631946,1592642746,1592653546,1592664346,1592675146,1592685946,1592696746,1592707546,1592718346,1592729146,1592739946,1592750746,1592761546,1592772346,1592783146,1592793946,1592804746,1592815546,1592826346,1592837146,1592847946,1592858746,1592869546,1592880346,1592891146,1592901946,1592912746,1592923546,1592934346,1592945146,1592955946,1592966746,1592977546,1592988346,1592999146,1593009946,1593020746,1593031546,1593042346,1593053146,1593063946,1593074746,1593085546,1593096346,1593107146,1593117946,1593128746,1593139546,1593150346,1593161146,1593171946,1593182746,1593193546,1593204346,1593215146,1593225946,1593236746,1593247546,1593258346,1593269146,1593279946,1593290746,1593301546,1593312346,1593323146,1593333946,1593344746,1593355546,1593366346,1593377146,1593387946,1593398746,1593409546],"Sun":[87.5748016,87.69416000000001,87.8135184,87.93287395,88.0522295,88.1715821,88.2909347,88.4102844,88.5296341,88.6489808,88.7683275,88.88767114999999,89.0070148,89.12635535,89.2456959,89.3650333,89.4843707,89.6037048,89.7230389,89.84236965,89.9617004,90.08102775,90.2003551,90.3196789,90.4390027,90.55832285,90.677643,90.79695939999999,90.9162758,91.03558835,91.1549009,91.27420945,91.393518,91.5128225,91.632127,91.75142725,91.8707275,91.9900234,92.1093193,92.2286108,92.3479023,92.4671892,92.5864761,92.70575840000001,92.8250407,92.9443182,93.0635957,93.18286835,93.302141,93.42140875000001,93.5406765,93.6599392,93.7792019,93.8984596,94.0177173,94.13696985,94.2562224,94.37546979999999,94.4947172,94.61395949999999,94.7332018,94.85243885,94.9716759,95.09090785,95.2101398,95.32936659999999,95.4485934,95.56781505,95.6870367,95.80625334999999,95.92547,96.04468165,96.1638933,96.28310005,96.4023068,96.5215087,96.6407106,96.75990780000001,96.879105,96.99829765,97.1174903,97.2366784,97.3558665,97.47505029999999,97.5942341,97.71341375,97.8325934,97.95176895,98.0709445],"Moon":[53.7342616,55.267374450000005,56.8004873,58.340065100000004,59.8796429,61.42595555,62.9722682,64.52555935000001,66.0788505,67.639337,69.1998235,70.76769519999999,72.3355669,73.9109867,75.4864065,77.06950995,78.6526134,80.24350975,81.8344061,83.4331774,85.0319487,86.63865125000001,88.2453538,89.86001825,91.4746827,93.09731465,94.7199466,96.3505275,97.9811084,99.61959644999999,101.2580845,102.90441575,104.550747,106.20483630000001,107.8589256,109.52066775,111.1824099,112.85168095,114.520952,116.1976105,117.874269,119.5581573,121.2420456,122.93299114999999,124.6239367,126.3217532,128.0195697,129.7240586,131.4285475,133.139499,134.8504505,136.5676446,138.2848387,140.00804655000002,141.7312544,143.4602389,145.1892234,146.92374015000001,148.6582569,150.39805485,152.1378528,153.88267485,155.6274969,157.37708020000002,159.1266635,160.88073965,162.6348158,164.3931113,166.1514068,167.91364245,169.6758781,171.44176935000002,173.2076606,174.97691700000001,176.7461734,178.51849835000002,180.2908233,182.0659135,183.8410037,185.6185486,187.3960935,189.17577495,190.9554564,192.73694785,194.5184393,196.30140555000003,198.0843718,199.86846815,201.6525645],"Mercury":[104.763069,104.76041295,104.7577569,104.75276055,104.7477642,104.74043735000001,104.7331105,104.72346425,104.713818,104.70186484999999,104.6899117,104.67566554999999,104.6614194,104.6448957,104.628372,104.60958765000001,104.5908033,104.5697767,104.5487501,104.52550135000001,104.5022526,104.47680335000001,104.4513541,104.42372765,104.3961012,104.36632265,104.3365441,104.3046402,104.2727363,104.23873555,104.2047348,104.1686675,104.1326002,104.09449860000001,104.056397,104.016295,103.976193,103.93412645000001,103.8920599,103.84806660000001,103.8040733,103.75819279999999,103.7123123,103.66458614999999,103.61686,103.56733170000001,103.5178034,103.4665182,103.415233,103.36223824999999,103.3092435,103.25458835,103.1999332,103.14366865,103.0874041,103.02958319999999,102.9717623,102.91243979999999,102.8531173,102.7923498,102.7315823,102.66942835,102.6072744,102.5437941,102.4803138,102.4155692,102.3508246,102.2848792,102.2189338,102.15185295,102.0847721,102.01662264999999,101.9484732,101.8793234,101.8101736,101.7400934,101.6700132,101.59907369999999,101.5281342,101.45640795,101.3846817,101.3122424,101.2398031,101.1667257,101.0936483,101.0200087,100.9463691,100.8722443,100.7981195],"Venus":[66.2772834,66.243764,66.2102446,66.177954,66.1456634,66.11460545,66.0835475,66.0537255,66.0239035,65.99532035,65.9667372,65.93939524999999,65.9120533,65.88595455000001,65.8598558,65.83500165000001,65.8101475,65.78653915000001,65.7629308,65.7405688,65.7182068,65.69709145,65.6759761,65.65610724999999,65.6362384,65.6176156,65.5989928,65.58161515,65.5642375,65.5481038,65.5319701,65.51707880000001,65.5021875,65.48853675000001,65.474886,65.46247355,65.4500611,65.43888455,65.427708,65.41776455,65.4078211,65.39910775000001,65.3903944,65.3829078,65.3754212,65.3691579,65.3628946,65.3578508,65.352807,65.3489787,65.3451504,65.34253344999999,65.3399165,65.33850645,65.3370964,65.33688864999999,65.3366809,65.33767075,65.3386606,65.3408431,65.3430256,65.3463956,65.3497656,65.3543179,65.3588702,65.36459945,65.3703287,65.37722930000001,65.3841299,65.3921962,65.4002625,65.40948875000001,65.418715,65.4290953,65.4394756,65.451004,65.4625324,65.4752027,65.487873,65.50167905,65.5154851,65.53042060000001,65.5453561,65.5614146,65.5774731,65.59464825,65.6118234,65.6301085,65.6483936],"Mars":[353.9805069,354.0595591,354.1386113,354.2175891,354.2965669,354.3754696,354.4543723,354.5331994,354.6120265,354.69077730000004,354.7695281,354.84820205,354.926876,355.00547244999996,355.0840689,355.16258734999997,355.2411058,355.31954555000004,355.3979853,355.47634575,355.5547062,355.63298675,355.7112673,355.7894674,355.8676675,355.9457865,356.0239055,356.1019428,356.1799801,356.25793515,356.3358902,356.41376234999996,356.4916345,356.56942315,356.6472118,356.72491645,356.8026211,356.88024115,356.9578612,357.0353961,357.112931,357.19038015,357.2678293,357.34519220000004,357.4225551,357.49983125,357.5771074,357.65429625,357.7314851,357.80858615,357.8856872,357.96269995,358.0397127,358.11663665000003,358.1935606,358.2703954,358.3472302,358.42397525,358.5007203,358.57737529999997,358.6540303,358.73059475,358.8071592,358.8836327,358.9601062,359.03648835,359.1128705,359.18916095,359.2654514,359.3416497,359.417848,359.49395385,359.5700597,359.64607265,359.7220856,359.79800539999997,359.8739252,360,0.0255776,0.10130985,0.1770421,0.2526801,0.3283181,0.40386145,0.4794048,0.55485315,0.6303015,0.7056544499999999,0.7810074],"Jupiter":[295.4181337,295.4057201,295.3933065,295.38082605,295.3683456,295.35579870000004,295.3432518,295.33063905,295.3180263,295.30534815,295.29267,295.279927,295.267184,295.25437665,295.2415693,295.22869815,295.215827,295.20289249999996,295.189958,295.17696075000003,295.1639635,295.15090395000004,295.1378444,295.1247231,295.1116018,295.09841925,295.0852367,295.07199345000004,295.0587502,295.04544680000004,295.0321434,295.01878039999997,295.0054174,294.99199525,294.9785731,294.9650924,294.9516117,294.93807300000003,294.9245343,294.9109381,294.8973419,294.88368885,294.8700358,294.85632635,294.8426169,294.82885175,294.8150866,294.80126625,294.7874459,294.77357095,294.759696,294.74576705000004,294.7318381,294.7178558,294.7038735,294.68983845,294.6758034,294.66171625000004,294.6476291,294.63349045,294.6193518,294.60516229999996,294.5909728,294.57673309999996,294.5624934,294.54820425,294.5339151,294.5195771,294.5052391,294.490853,294.4764669,294.46203330000003,294.4475997,294.43311934999997,294.418639,294.40411259999996,294.3895862,294.3750144,294.3604426,294.34582620000003,294.3312098,294.31654945,294.3018891,294.28718555,294.272482,294.2577359,294.2429898,294.22820185,294.2134139],