{"columns":{"0":["x",1591879211,1591890011,1591900811,1591911611,1591922411,1591933211,1591944011,1591954811,1591965611,1591976411,1591987211,1591998011,1592008811,1592019611,1592030411,1592041211,1592052011,1592062811,1592073611,1592084411,1592095211,1592106011,1592116811,1592127611,1592138411,1592149211,1592160011,1592170811,1592181611,1592192411,1592203211,1592214011,1592224811,1592235611,1592246411,1592257211,1592268011,1592278811,1592289611,1592300411,1592311211,1592322011,1592332811,1592343611,1592354411,1592365211,1592376011,1592386811,1592397611,1592408411,1592419211,1592430011,1592440811,1592451611,1592462411,1592473211,1592484011,1592494811,1592505611,1592516411,1592527211,1592538011,1592548811,1592559611,1592570411,1592581211,1592592011,1592602811,1592613611,1592624411,1592635211,1592646011,1592656811,1592667611,1592678411,1592689211,1592700011,1592710811,1592721611,1592732411,1592743211,1592754011,1592764811,1592775611,1592786411,1592797211,1592808011,1592818811,1592829611],"Sun":[81.1632324,81.28268015,81.4021279,81.52157134999999,81.6410148,81.76045404999999,81.8798933,81.99932845000001,82.1187636,82.2381947,82.3576258,82.477053,82.5964802,82.7159036,82.835327,82.9547467,83.0741664,83.19358245000001,83.3129985,83.432411,83.5518235,83.6712325,83.7906415,83.91004715,84.0294528,84.14885515,84.2682575,84.3876566,84.5070557,84.6264516,84.7458475,84.86524025,84.984633,85.10402275,85.2234125,85.3427992,85.4621859,85.5815696,85.7009533,85.8203341,85.9397149,86.0590928,86.1784707,86.29784570000001,86.4172207,86.5365929,86.6559651,86.77533445,86.8947038,87.0140703,87.1334368,87.25280045,87.3721641,87.49152495000001,87.6108858,87.73024375,87.8496017,87.9689568,88.0883119,88.20766409999999,88.3270163,88.44636555,88.5657148,88.68506105,88.8044073,88.92375045,89.0430936,89.16243370000001,89.2817738,89.40111064999999,89.5204475,89.63978115,89.7591148,89.87844505000001,89.9977753,90.11710210000001,90.2364289,90.35575215,90.4750754,90.59439499999999,90.7137146,90.83303045,90.9523463,91.07165825,91.1909702,91.31027814999999,91.4295861,91.54888994999999,91.6681938],"Moon":[333.1545636,334.68645130000004,336.218339,337.7430601,339.2677812,340.78589315,342.3040051,343.8160782,345.3281513,346.83476575,348.3413802,349.8431239,351.3448676,352.84233359999996,354.3397996,355.8335841,357.3273686,359,0.3087686,1.79697995,3.2851913,4.7715068,6.2578223,7.7428299,9.2278375,10.71211845,12.1963994,13.680526700000001,15.164654,16.64919065,18.1337273,19.619225,21.1047227,22.59172005,24.0787174,25.5677388,27.0567602,28.5483144,30.0398686,31.53444745,33.0290263,34.527103350000004,36.0251804,37.5272099,39.0292394,40.535655399999996,42.0420714,43.553286,45.0645006,46.580904000000004,48.0973074,49.619266100000004,51.1412248,52.6690812,54.1969376,55.73100935,57.2650811,58.805660200000005,60.3462393,61.893591900000004,63.4409445,64.99531005,66.5496756,68.11126684999999,69.6728581,71.24186105,72.810864,74.3874371,75.9640102,77.5482853,79.1325604,80.72464245,82.3167245,83.91669175000001,85.516659,87.12456370000001,88.7324684,90.34833739999999,91.9642064,93.58804165,95.2118769,96.84365629999999,98.4754357,100.11511395,101.7547922,103.4023021,105.049812,106.7050653,108.3603186],"Mercury":[103.1424273,103.20264485,103.2628624,103.32081984999999,103.3787773,103.43446445000001,103.4901516,103.54355845,103.5969653,103.64808215,103.699199,103.7480166,103.7968342,103.8433435,103.8898528,103.93404525,103.9782377,104.02010519999999,104.0619727,104.10150755000001,104.1410424,104.1782374,104.2154324,104.2502809,104.2851294,104.31762535,104.3501213,104.3802593,104.4103973,104.4381724,104.4659475,104.49135565,104.5167638,104.5398016,104.5628394,104.5835042,104.604169,104.62245899999999,104.640749,104.6566632,104.6725774,104.68611575,104.6996541,104.7108174,104.7219807,104.73077090000001,104.7395611,104.745981,104.7524009,104.75645445,104.760508,104.76220025,104.7638925,104.76322975,104.762567,104.75955665000001,104.7565463,104.75119699999999,104.7458477,104.7381695,104.7304913,104.7204955,104.7104997,104.698199,104.6858983,104.6713069,104.6567155,104.63984895,104.6229824,104.60385790000001,104.5847334,104.5633696,104.5420058,104.51842295,104.4948401,104.46906025000001,104.4432804,104.415327,104.3873736,104.357272,104.3271704,104.29494765,104.2627249,104.2284098,104.1940947,104.1577178,104.1213409,104.08293470000001,104.0445285],"Venus":[68.9394111,68.87631445,68.8132178,68.75103530000001,68.6888528,68.62760420000001,68.5663556,68.5060599,68.4457642,68.3864398,68.3271154,68.2687801,68.2104448,68.1531157,68.0957866,68.03948025,67.9831739,67.92790615,67.8726384,67.81842455,67.7642107,67.7110653,67.6579199,67.605857,67.5537941,67.50282705000001,67.45186,67.4020015,67.352143,67.30340525,67.2546675,67.20706200000001,67.1594565,67.11299415,67.0665318,67.02122295000001,66.9759141,66.93176835,66.8876226,66.84464925,66.8016759,66.75988335,66.7180908,66.67748710000001,66.6368834,66.597476,66.5580686,66.5198643,66.48166,66.44466515,66.4076703,66.37189065000001,66.336111,66.30155185000001,66.2669927,66.23365875,66.2003248,66.16822025,66.1361157,66.1052444,66.0743731,66.04473820000001,66.0151033,65.98670765,65.958312,65.93115785,65.9040037,65.87809295,65.8521822,65.82751635,65.8028505,65.77943045,65.7560104,65.73383684999999,65.7116633,65.69073639999999,65.6698095,65.65012905,65.6304486,65.6120141,65.5935796,65.57639005,65.5592005,65.54325475,65.527309,65.5126053,65.4979016,65.4844382,65.4709748],"Mars":[349.6840462,349.76488474999996,349.8457233,349.92650234999996,350.0072814,350.08800045,350.1687195,350.24937805,350.3300366,350.41063410000004,350.4912316,350.57176749999996,350.6523034,350.73277715,350.8132509,350.893662,350.9740731,351.054421,351.1347689,351.21505305,351.2953372,351.375557,351.4557768,351.5359318,351.6160868,351.6961764,351.776266,351.85628965,351.9363133,352.0162705,352.0962277,352.1761178,352.2560079,352.33583035,352.4156528,352.49540715,352.5751615,352.65484705,352.7345326,352.81414885000004,352.8937651,352.9733115,353.0528579,353.13233385,353.2118098,353.2912147,353.3706196,353.44995289999997,353.5292862,353.6085473,353.6878084,353.76699675,353.8461851,353.92530005000003,354.004415,354.08345605,354.1624971,354.24146355,354.32043,354.39932135,354.4782127,354.55702825,354.6358438,354.71458305,354.7933223,354.87198455,354.9506468,355.02923155,355.1078163,355.18632285,355.2648294,355.34325720000004,355.421685,355.5000334,355.5783818,355.65665025,355.7349187,355.81310659999997,355.8912945,355.9694012,356.0475079,356.1255328,356.2035577,356.2815002,356.3594427,356.4373023,356.5151619,356.59293790000004,356.6707139],"Jupiter":[296.0311558,296.02071905,296.0102823,295.99976615,295.98925,295.97865490000004,295.9680598,295.95738615,295.9467125,295.9359607,295.9252089,295.9143794,295.9035499,295.89264304999995,295.8817362,295.8707525,295.8597688,295.84870865,295.8376485,295.82651235000003,295.8153762,295.8041645,295.7929528,295.781666,295.7703792,295.75901769999996,295.7476562,295.73622055,295.7247849,295.7132755,295.7017661,295.6901835,295.6786009,295.66694544999996,295.65529,295.6435623,295.6318346,295.62003504999996,295.6082355,295.5963646,295.5844937,295.572552,295.5606103,295.5485982,295.5365861,295.52450415,295.5124222,295.50027090000003,295.4881196,295.47589945000004,295.4636793,295.45139075,295.4391022,295.42674585,295.4143895,295.4019658,295.3895421,295.37705155000003,295.364561,295.3520041,295.3394472,295.32682454999997,295.3142019,295.30151390000003,295.2888259,295.27607315,295.2633204,295.25050339999996,295.2376864,295.22480559999997,295.2119248,295.1989808,295.1860368,295.17303004999997,295.1600233,295.1469544,295.1338855,295.1207549,295.1076243,295.09443254999996,295.0812408,295.06798845000003,295.0547361,295.04142365,295.0281112,295.0147392,295.0013672,294.98793620000004,294.9745052],