{"columns":{"0":["x",1601734073,1601744873,1601755673,1601766473,1601777273,1601788073,1601798873,1601809673,1601820473,1601831273,1601842073,1601852873,1601863673,1601874473,1601885273,1601896073,1601906873,1601917673,1601928473,1601939273,1601950073,1601960873,1601971673,1601982473,1601993273,1602004073,1602014873,1602025673,1602036473,1602047273,1602058073,1602068873,1602079673,1602090473,1602101273,1602112073,1602122873,1602133673,1602144473,1602155273,1602166073,1602176873,1602187673,1602198473,1602209273,1602220073,1602230873,1602241673,1602252473,1602263273,1602274073,1602284873,1602295673,1602306473,1602317273,1602328073,1602338873,1602349673,1602360473,1602371273,1602382073,1602392873,1602403673,1602414473,1602425273,1602436073,1602446873,1602457673,1602468473,1602479273,1602490073,1602500873,1602511673,1602522473,1602533273,1602544073,1602554873,1602565673,1602576473,1602587273,1602598073,1602608873,1602619673,1602630473,1602641273,1602652073,1602662873,1602673673,1602684473],"Sun":[190.9431165,191.0661677,191.1892189,191.31228894999998,191.435359,191.55844795000002,191.6815369,191.80464495,191.927753,192.05088024999998,192.1740075,192.29715399999998,192.4203005,192.54346644999998,192.6666324,192.78981779999998,192.9130032,193.03620815,193.1594131,193.28263775,193.4058624,193.5291068,193.6523512,193.77561535,193.8988795,194.0221636,194.1454477,194.2687517,194.3920557,194.51537969999998,194.6387037,194.76204775000002,194.8853918,195.00875589999998,195.13212,195.25550425,195.3788885,195.50229285,195.6256972,195.74912175,195.8725463,195.995991,196.1194357,196.24290059999998,196.3663655,196.4898506,196.6133357,196.73684095,196.8603462,196.98387165,197.1073971,197.2309427,197.3544883,197.47805405000003,197.6016198,197.72520565000002,197.8487915,197.9723974,198.0960033,198.21962925,198.3432552,198.46690109999997,198.590547,198.71421279999998,198.8378786,198.96156425,199.0852499,199.20895535,199.3326608,199.4563859,199.580111,199.70385579999999,199.8276006,199.95136495,200.0751293,200.1989131,200.3226969,200.4465001,200.5703033,200.6941258,200.8179483,200.94179005,201.0656318,201.18949265,201.3133535,201.43723345,201.5611134,201.68501225,201.8089111],"Moon":[30.9504948,32.42958835,33.9086819,35.38695765,36.8652334,38.3429877,39.820742,41.298293400000006,42.7758448,44.253535299999996,45.7312258,47.209421199999994,48.6876166,50.166707,51.6457974,53.12619755,54.6065977,56.088746799999996,57.5708959,59.055257749999996,60.5396196,62.02668195,63.5137443,65.0040184,66.4942925,67.98831229999999,69.4823321,70.98065305,72.478974,73.98217185,75.4853697,76.99403895,78.5027082,80.0174602,81.5322122,83.05367285,84.5751335,86.10394105,87.6327486,89.1695505,90.7063524,92.2518024,93.7972524,95.35200664999999,96.9067609,98.47147419999999,100.0361875,101.6115087,103.1868299,104.77339710000001,106.3599643,107.95839935000001,109.5568344,111.1677371,112.7786398,114.4025817,116.0265236,117.664041,119.3015584,120.9531453,122.6047322,124.27083275000001,125.9369333,127.61793370000001,129.2989341,130.99515474999998,132.6913754,134.40306235,136.1147493,137.8420663,139.5693833,141.3124037,143.0554241,144.8141233,146.5728225,148.34707079999998,150.1213191,151.91087575,153.7004324,155.50494020000002,157.309448,159.12843005000002,160.9474121,162.78026920000002,164.6131263,166.459137,168.3051477,170.16346975,172.0217918],"Mercury":[216.501565,216.6100544,216.7185438,216.82535715,216.9321705,217.03727165,217.1423728,217.24572455,217.3490763,217.45064059999999,217.5522049,217.65194265,217.7516804,217.84955144999998,217.9474225,218.04338565,218.1393488,218.23336185,218.3273749,218.41939455,218.5114142,218.6013961,218.691378,218.7792767,218.8671754,218.9529444,219.0387134,219.12230505000002,219.2058967,219.28726225000003,219.3686278,219.44771745000003,219.5268071,219.60356985,219.6803326,219.75471655,219.8291005,219.90105240000003,219.9730043,220.04246995,220.1119356,220.1788598,220.245784,220.3101103,220.3744366,220.43610775,220.4977789,220.55673639999998,220.6156939,220.67187845,220.728063,220.78141434999998,220.8347657,220.8852226,220.9356795,220.98317995,221.0306804,221.0751616,221.1196428,221.1610412,221.2024396,221.240691,221.2789424,221.313982,221.3490216,221.38078424999998,221.4125469,221.440967,221.4693871,221.4943987,221.5194103,221.54094750000002,221.5624847,221.58048144999998,221.5984782,221.61286869999998,221.6272592,221.6379779,221.6486966,221.6556785,221.6626604,221.66584115,221.6690219,221.6683381,221.6676543,221.6630436,221.6584329,221.6498344,221.6412359],"Venus":[150.9883544,151.1343158,151.2802772,151.42631045000002,151.5723437,151.71844850000002,151.8645533,152.0107293,152.1569053,152.30315230000002,152.4493993,152.595717,152.7420347,152.88842275000002,153.0348108,153.18126890000002,153.327727,153.4742549,153.6207828,153.76738015,153.9139775,154.060644,154.2073105,154.3540458,154.5007811,154.64758490000003,154.7943887,154.94126065,155.0881326,155.23507235,155.3820121,155.52901930000002,155.6760265,155.82310080000002,155.9701751,156.1173162,156.2644573,156.41166475,156.5588722,156.70614569999998,156.8534192,157.00075835,157.1480975,157.29550195000002,157.4429064,157.59037575,157.7378451,157.88537895,158.0329128,158.18051075,158.3281087,158.4757704,158.6234321,158.77115715000002,158.9188822,159.06667015,159.2144581,159.36230855,159.510159,159.6580716,159.8059842,159.95395845000002,160.1019327,160.2499682,160.3980037,160.5461001,160.6941965,160.8423533,160.9905101,161.13872694999998,161.2869438,161.4352202,161.5834966,161.73183215,161.8801677,162.02856205,162.1769564,162.3254091,162.4738618,162.62237249999998,162.7708832,162.9194514,163.0680196,163.21664495,163.3652703,163.51395250000002,163.6626347,163.8113733,163.9601119],"Mars":[24.2824995,24.24594905,24.2093986,24.17264625,24.1358939,24.0989452,24.0619965,24.0248571,23.9877177,23.9503933,23.9130689,23.875565199999997,23.8380615,23.800384299999997,23.7627071,23.7248622,23.6870173,23.6490106,23.6110039,23.57284125,23.5346786,23.496366000000002,23.4580534,23.419596849999998,23.3811403,23.3425458,23.3039513,23.2652249,23.2264985,23.1876464,23.1487943,23.1098226,23.0708509,23.031765749999998,22.9926806,22.9534883,22.914296,22.87500275,22.8357095,22.79632165,22.7569338,22.7174576,22.6779814,22.6384233,22.5988652,22.55923155,22.5195979,22.47989515,22.4401924,22.40042695,22.3606615,22.32083995,22.2810184,22.24114715,22.2012759,22.16136155,22.1214472,22.0814964,22.0415456,22.00156485,21.9615841,21.92158005,21.881576,21.841555399999997,21.8015348,21.7615043,21.7214738,21.6814401,21.6414064,21.6013763,21.5613462,21.52132645,21.4813067,21.44130415,21.4013016,21.36132305,21.3213445,21.28139685,21.2414492,21.2015394,21.1616296,21.1217645,21.0818994,21.042086,21.0022726,20.9625178,20.922763,20.8830739,20.8433848],"Jupiter":[288.0894642,288.097647,288.1058298,288.1141059,288.122382,288.13075115000004,288.1391203,288.1475825,288.1560447,288.1645997,288.1731547,288.18180235,288.19045,288.1991903,288.2079306,288.21676325,288.2255959,288.2345208,288.2434457,288.25246275,288.2614798,288.27058880000004,288.2796978,288.28889855,288.2980993,288.3073917,288.3166841,288.32606799999996,288.3354519,288.34492705,288.3544022,288.3639685,288.3735348,288.38319205000005,288.3928493,288.4025973,288.4123453,288.42218390000005,288.4320225,288.4419515,288.4518805,288.46189975000004,288.471919,288.48202825,288.4921375,288.50233665,288.5125358,288.52282460000004,288.5331134,288.54349164999996,288.5538699,288.5643374,288.5748049,288.58536155,288.5959182,288.60656370000004,288.6172092,288.6279434,288.6386776,288.6495003,288.660323,288.671234,288.682145,288.69314414999997,288.7041433,288.71523035,288.7263174,288.73749215,288.7486669,288.75992925,288.7711916,288.7825413,288.793891,288.80532789999995,288.8167648,288.8282888,288.8398128,288.8514236,288.8630344,288.87473195,288.8864295,288.89821365,288.9099978,288.9218684,288.933739,288.94569590000003,288.9576528,288.96969595,288.9817391],