{"columns":{"0":["x",1591187461,1591198261,1591209061,1591219861,1591230661,1591241461,1591252261,1591263061,1591273861,1591284661,1591295461,1591306261,1591317061,1591327861,1591338661,1591349461,1591360261,1591371061,1591381861,1591392661,1591403461,1591414261,1591425061,1591435861,1591446661,1591457461,1591468261,1591479061,1591489861,1591500661,1591511461,1591522261,1591533061,1591543861,1591554661,1591565461,1591576261,1591587061,1591597861,1591608661,1591619461,1591630261,1591641061,1591651861,1591662661,1591673461,1591684261,1591695061,1591705861,1591716661,1591727461,1591738261,1591749061,1591759861,1591770661,1591781461,1591792261,1591803061,1591813861,1591824661,1591835461,1591846261,1591857061,1591867861,1591878661,1591889461,1591900261,1591911061,1591921861,1591932661,1591943461,1591954261,1591965061,1591975861,1591986661,1591997461,1592008261,1592019061,1592029861,1592040661,1592051461,1592062261,1592073061,1592083861,1592094661,1592105461,1592116261,1592127061,1592137861],"Sun":[73.5063978,73.6260538,73.7457098,73.86535685,73.9850039,74.1046421,74.2242803,74.34390995000001,74.4635396,74.5831609,74.7027822,74.82239525,74.9420083,75.0616134,75.1812185,75.30081575,75.420413,75.54000260000001,75.6595922,75.77917425000001,75.8987563,76.01833105,76.1379058,76.25747340000001,76.377041,76.4966015,76.616162,76.73571565,76.8552693,76.97481615000001,77.094363,77.2139033,77.3334436,77.45297735,77.5725111,77.69203855,77.811566,77.93108720000001,78.0506084,78.17012355,78.2896387,78.4091479,78.5286571,78.6481605,78.7676639,78.8871616,79.0066593,79.12615145,79.2456436,79.36513034999999,79.4846171,79.60409855,79.72358,79.8430563,79.9625326,80.08200385,80.2014751,80.32094144999999,80.4404078,80.55986935,80.6793309,80.79878775,80.9182446,81.03769695,81.1571493,81.27659715,81.396045,81.5154886,81.6349322,81.75437149999999,81.8738108,81.99324605000001,82.1126813,82.23211255000001,82.3515438,82.4709711,82.5903984,82.70982190000001,82.8292454,82.94866515000001,83.0680849,83.18750105000001,83.3069172,83.42632979999999,83.5457424,83.66515150000001,83.7845606,83.90396635,84.0233721],"Moon":[224.3222611,226.15365155,227.985042,229.81359365,231.6421453,233.4669872,235.2918291,237.1121042,238.9323793,240.74725195000002,242.5621246,244.37078739999998,246.1794502,247.98113080000002,249.7828114,251.57677915,253.3707469,255.15631785,256.9418888,258.7184311,260.4949734,262.2619108,264.0288482,265.7856644,267.5424806,269.28872134999995,271.0349621,272.77023695,274.5055118,276.2294956,277.9534794,279.66591255000003,281.3783457,283.0790342,284.7797227,286.4685369,288.1573511,289.83422470000005,291.5110983,293.17602625,294.8409542,296.49399095,298.1470277,299.78828415,301.4295406,303.0591815,304.6888224,306.3070632,307.925304,309.5324077,311.1395114,312.73578535,314.3320593,315.9178516,317.5036439,319.07934009999997,320.6550363,322.22105605,323.7870758,325.3438695,326.9006632,328.44870885,329.9967545,331.53655430000003,333.0763541,334.6084314,336.1405087,337.6654054,339.1903021,340.70857535,342.2268486,343.7390683,345.251288,346.75803414999996,348.2647803,349.7666407,351.2685011,352.76606864999997,354.2636362,355.75750705,357.2513779,359,0.2329201,1.7211874500000002,3.2094548,4.69581125,6.1821677,7.667201349999999,9.152235],"Mercury":[97.0300957,97.1567432,97.2833907,97.40813165,97.5328726,97.65569735,97.7785221,97.89942095,98.0203198,98.13928295,98.2582461,98.3752634,98.4922807,98.60734199999999,98.7224033,98.83549815,98.948593,99.0597109,99.1708288,99.27995905,99.3890893,99.49622105,99.6033528,99.70847505,99.8135973,99.91669905,100.0198008,100.1208708,100.2219408,100.32096775,100.4199947,100.51696720000001,100.6139397,100.70884625,100.8037528,100.8965818,100.9894108,101.08015075,101.1708907,101.2595298,101.3481689,101.4346956,101.5212223,101.60562475,101.6900272,101.7722938,101.8545604,101.93467935,102.0147983,102.09275794999999,102.1707176,102.2465064,102.3222952,102.39590150000001,102.4695078,102.54092015,102.6123325,102.68153955,102.7507466,102.8177371,102.8847276,102.94949045,103.0142533,103.07677755,103.1393018,103.19957675,103.2598517,103.31786685,103.375882,103.4316271,103.4873722,103.5408372,103.5943022,103.6454775,103.6966528,103.74552904999999,103.7944053,103.84097349999999,103.8875417,103.93179325,103.9760448,104.0179716,104.0598984,104.0994927,104.139087,104.1763417,104.2135964,104.2485047,104.283413],"Venus":[73.652384,73.57367149999999,73.494959,73.4162652,73.3375714,73.258929,73.1802866,73.1017282,73.0231698,72.94472780000001,72.8662858,72.78799269999999,72.7096996,72.63158759999999,72.5534756,72.4755769,72.3976782,72.32002460000001,72.242371,72.1649943,72.0876176,72.01054915,71.9334807,71.85675175,71.7800228,71.70366419999999,71.6273056,71.5513479,71.4753902,71.39986355,71.3243369,71.24927115,71.1742054,71.09963,71.0250546,70.9509986,70.8769426,70.80343450000001,70.7299264,70.65699434999999,70.5840623,70.51173395,70.4394056,70.3677081,70.2960106,70.22497065,70.1539307,70.08357445,70.0132182,69.94357115,69.8739241,69.80501135,69.7360986,69.66794465000001,69.5997907,69.53241944999999,69.4650482,69.398483,69.3319178,69.2661814,69.200445,69.13555945,69.0706739,69.00666085,68.9426478,68.87952815,68.8164085,68.75420249999999,68.6919965,68.63072389999999,68.5694513,68.50913109999999,68.4488109,68.38946155,68.3301122,68.27175145000001,68.2133907,68.15603580000001,68.0986809,68.0423483,67.9860157,67.93072129999999,67.8754269,67.821186,67.7669451,67.71377235,67.6605996,67.608509,67.5564184],"Mars":[344.4496861,344.53215615,344.6146262,344.69705215,344.7794781,344.86185969999997,344.9442413,345.0265782,345.1089151,345.19120699999996,345.2734989,345.3557454,345.4379919,345.5201927,345.6023935,345.68454815,345.7667028,345.8488109,345.930919,346.01298010000005,346.0950412,346.17705485,346.2590685,346.34103419999997,346.4229999,346.50491724999995,346.5868346,346.66870305,346.7505715,346.83239055,346.9142096,346.99597875,347.0777479,347.15946665,347.2411854,347.3228532,347.404521,347.48613735000004,347.5677537,347.649318,347.7308823,347.8123941,347.8939059,347.97536464999996,348.0568234,348.13822855,348.2196337,348.30098475,348.3823358,348.4636322,348.5449286,348.62616975000003,348.7074109,348.7885964,348.8697819,348.9509111,349.0320403,349.11311275,349.1941852,349.27520035,349.3562155,349.4371728,349.5181301,349.599029,349.6799279,349.7607679,349.8416079,349.9223885,350.0031691,350.0838897,350.1646103,350.2452704,350.3259305,350.40652955,350.4871286,350.56766605,350.6482035,350.7286789,350.8091543,350.889567,350.9699797,351.05032919999996,351.1306787,351.21096445,351.2912502,351.37147170000003,351.4516932,351.53184985,351.6120065],"Jupiter":[296.6118835,296.60414549999996,296.5964075,296.58858169999996,296.5807559,296.5728425,296.5649291,296.55692825,296.5489274,296.54083945,296.5327515,296.52457660000005,296.5164017,296.50814005,296.4998784,296.49153025,296.4831821,296.4747476,296.4663131,296.45779245,296.4492718,296.4406652,296.4320586,296.42336625,296.4146739,296.405896,296.3971181,296.38825485,296.3793916,296.3704432,296.3614948,296.35246144999996,296.3434281,296.33431005,296.325192,296.3159895,296.306787,296.2975002,296.2882134,296.27884265,296.2694719,296.26001744999996,296.250563,296.2410251,296.2314872,296.2218661,296.212245,296.20254105000004,296.1928371,296.18305055,296.173264,296.16339525,296.1535265,296.14357585,296.1336252,296.12359295,296.1135607,296.1034472,296.0933337,296.08313935,296.072945,296.06267015000003,296.0523953,296.0420403,296.0316853,296.02125055,296.0108158,296.00030165,295.9897875,295.9791944,295.9686013,295.95792965,295.947258,295.9365082,295.9257584,295.91493085,295.9041033,295.89319845,295.8822936,295.87131185,295.8603301,295.84927189999996,295.8382137,295.82707945,295.8159452,295.8047354,295.7935256,295.7822407,295.7709558],