{"columns":{"0":["x",1589012824,1589034424,1589056024,1589077624,1589099224,1589120824,1589142424,1589164024,1589185624,1589207224,1589228824,1589250424,1589272024,1589293624,1589315224,1589336824,1589358424,1589380024,1589401624,1589423224,1589444824,1589466424,1589488024,1589509624,1589531224,1589552824,1589574424,1589596024,1589617624,1589639224,1589660824,1589682424,1589704024,1589725624,1589747224,1589768824,1589790424,1589812024,1589833624,1589855224,1589876824,1589898424,1589920024,1589941624,1589963224,1589984824,1590006424,1590028024,1590049624,1590071224,1590092824,1590114424,1590136024,1590157624,1590179224,1590200824,1590222424,1590244024,1590265624,1590287224,1590308824,1590330424,1590352024,1590373624,1590395224,1590416824,1590438424,1590460024,1590481624,1590503224,1590524824,1590546424,1590568024,1590589624,1590611224,1590632824,1590654424,1590676024,1590697624,1590719224,1590740824],"Sun":[49.2965541,49.5380591125,49.779564125,50.0210691375,50.262574150000006,50.504079162500005,50.745584175000005,50.987089187500004,51.2285942,51.46991196250001,51.711229725,51.9525474875,52.19386525,52.435183012500005,52.676500775,52.9178185375,53.1591363,53.400274775,53.64141325,53.882551725,54.1236902,54.364828675,54.60596715,54.847105625,55.0882441,55.329209649999996,55.570175199999994,55.81114075,56.0521063,56.29307185,56.5340374,56.77500295,57.0159685,57.2567656,57.4975627,57.7383598,57.9791569,58.219954,58.460751099999996,58.7015482,58.9423453,59.18297555,59.4236058,59.66423605,59.904866299999995,60.14549655,60.3861268,60.626757049999995,60.8673873,61.1078479125,61.348308525,61.5887691375,61.829229749999996,62.0696903625,62.310150975,62.5506115875,62.7910722,63.0313550625,63.271637925,63.5119207875,63.75220365,63.992486512499994,64.232769375,64.4730522375,64.7133351,64.9534280875,65.19352107499999,65.4336140625,65.67370704999999,65.9138000375,66.153893025,66.3939860125,66.634079,66.87397126249999,67.113863525,67.3537557875,67.59364805,67.83354031249999,68.073432575,68.3133248375,68.5532171],"Moon":[257.0172333,260.4670142875,263.91679527499997,267.36657626249996,270.81635725,274.2661382375,277.715919225,281.1657002125,284.6154812,287.8498322625,291.08418332499997,294.3185343875,297.55288544999996,300.7872365125,304.021587575,307.2559386375,310.4902897,313.5622422875,316.634194875,319.7061474625,322.77810005000003,325.8500526375,328.922005225,331.9939578125,335.0659104,338.05043745,341.0349645,344.01949155,347.0040186,349.98854565,352.9730727,355.95759975,358.9421268,2,5,8,11,14,17,20,22.6788882,25.681249925,28.68361165,31.685973374999996,34.688335099999996,37.690696824999996,40.693058549999996,43.695420275,46.697782,49.7691519125,52.840521824999996,55.9118917375,58.98326165,62.0546315625,65.12600147500001,68.1973713875,71.2687413,74.43019542500001,77.59164955,80.753103675,83.91455780000001,87.076011925,90.23746605000001,93.398920175,96.5603743,99.8296837375,103.098993175,106.3683026125,109.63761205,112.9069214875,116.176230925,119.4455403625,122.7148498,126.10990663749999,129.504963475,132.9000203125,136.29507715,139.6901339875,143.08519082499998,146.4802476625,149.8753045],"Mercury":[54.7818909,55.317979525,55.85406815,56.390156775,56.9262454,57.462334025,57.998422649999995,58.534511275,59.0705999,59.5964922875,60.122384675,60.6482770625,61.174169449999994,61.700061837499995,62.225954224999995,62.751846612499996,63.277739,63.789023612499996,64.300308225,64.8115928375,65.32287745,65.8341620625,66.345446675,66.8567312875,67.3680159,67.8609660125,68.353916125,68.8468662375,69.33981635,69.8327664625,70.325716575,70.8186666875,71.3116168,71.78333415,72.2550515,72.72676885,73.19848619999999,73.67020355,74.1419209,74.61363825,75.0853556,75.533740525,75.98212545,76.430510375,76.8788953,77.327280225,77.77566515,78.224050075,78.672435,79.0960368,79.5196386,79.9432404,80.3668422,80.790444,81.2140458,81.6376476,82.0612494,82.4590650875,82.856880775,83.2546964625,83.65251215,84.0503278375,84.448143525,84.8459592125,85.2437749,85.6150508,85.9863267,86.3576026,86.72887850000001,87.1001544,87.4714303,87.8427062,88.2139821,88.558049775,88.90211744999999,89.246185125,89.5902528,89.93432047499999,90.27838815,90.62245582499999,90.9665235],"Venus":[81.5621424,81.5889849875,81.615827575,81.6426701625,81.66951275,81.69635533750001,81.72319792500001,81.75004051250001,81.7768831,81.7846960125,81.792508925,81.80032183750001,81.80813475,81.8159476625,81.823760575,81.8315734875,81.8393864,81.82755453749999,81.81572267499999,81.8038908125,81.79205895,81.7802270875,81.768395225,81.7565633625,81.7447315,81.7128669125,81.68100232500001,81.6491377375,81.61727315,81.5854085625,81.553543975,81.5216793875,81.4898148,81.43783465,81.38585450000001,81.33387435,81.28189420000001,81.22991405,81.1779339,81.12595375000001,81.0739736,81.00218273750001,80.930391875,80.8586010125,80.78681015000001,80.7150192875,80.643228425,80.5714375625,80.4996467,80.40881706249999,80.317987425,80.2271577875,80.13632815,80.04549851249999,79.954668875,79.8638392375,79.7730096,79.664449475,79.55588935,79.447329225,79.33876910000001,79.230208975,79.12164885,79.013088725,78.9045286,78.7801337125,78.655738825,78.5313439375,78.40694905000001,78.2825541625,78.158159275,78.0337643875,77.9093695,77.7716459625,77.633922425,77.4961988875,77.35847534999999,77.2207518125,77.083028275,76.9453047375,76.8075812],"Mars":[327.4652518,327.636585725,327.80791965,327.979253575,328.15058750000003,328.321921425,328.49325535,328.664589275,328.8359232,329.0069444,329.1779656,329.34898680000003,329.520008,329.6910292,329.86205040000004,330.0330716,330.2040928,330.3747575,330.5454222,330.7160869,330.8867516,331.0574163,331.228081,331.3987457,331.5694104,331.739677375,331.90994435,332.080211325,332.2504783,332.420745275,332.59101225,332.761279225,332.9315462,333.1013759625,333.271205725,333.4410354875,333.61086525,333.7806950125,333.950524775,334.1203545375,334.2901843,334.45953786250004,334.628891425,334.7982449875,334.96759855000005,335.1369521125,335.30630567500003,335.4756592375,335.6450128,335.81385075000003,335.98268870000004,336.15152665,336.3203646,336.48920255,336.65804049999997,336.82687845,336.9957164,337.1639987375,337.33228107499997,337.5005634125,337.66884575,337.8371280875,338.00541042500004,338.1736927625,338.3419751,338.509662575,338.67735005000003,338.845037525,339.01272500000005,339.180412475,339.34809995,339.51578742500004,339.6834749,339.85053277500003,340.01759065,340.184648525,340.3517064,340.518764275,340.68582215000004,340.852880025,341.0199379],"Jupiter":[297.1986159,297.20188491249996,297.205153925,297.2084229375,297.21169195,297.21496096249996,297.218229975,297.2214989875,297.224768,297.2264588375,297.228149675,297.2298405125,297.23153134999995,297.23322218749996,297.23491302499997,297.2366038625,297.2382947,297.238396725,297.23849874999996,297.238600775,297.2387028,297.238804825,297.23890685000003,297.239008875,297.2391109,297.23762116250003,297.236131425,297.2346416875,297.23315195,297.2316622125,297.230172475,297.2286827375,297.227193,297.2241145375,297.22103607500003,297.2179576125,297.21487915,297.2118006875,297.208722225,297.2056437625,297.2025653,297.1979056,297.1932459,297.18858620000003,297.1839265,297.1792668,297.1746071,297.1699474,297.1652877,297.1590571875,297.15282667500003,297.14659616250003,297.14036565000004,297.1341351375,297.127904625,297.1216741125,297.1154436,297.1076542875,297.099864975,297.0920756625,297.08428634999996,297.07649703749996,297.06870772499997,297.0609184125,297.0531291,297.04379432499996,297.03445954999995,297.025124775,297.01579,297.00645522499997,296.99712045,296.987785675,296.9784509,296.96758781249997,296.95672472499996,296.9458616375,296.93499855,296.9241354625,296.913272375,296.9024092875,296.8915462],